-- MySQL dump 10.13  Distrib 8.0.44, for Win64 (x86_64)
--
-- Host: localhost    Database: formula1_db
-- ------------------------------------------------------
-- Server version	9.5.0

/*!40101 SET @OLD_CHARACTER_SET_CLIENT=@@CHARACTER_SET_CLIENT */;
/*!40101 SET @OLD_CHARACTER_SET_RESULTS=@@CHARACTER_SET_RESULTS */;
/*!40101 SET @OLD_COLLATION_CONNECTION=@@COLLATION_CONNECTION */;
/*!50503 SET NAMES utf8 */;
/*!40103 SET @OLD_TIME_ZONE=@@TIME_ZONE */;
/*!40103 SET TIME_ZONE='+00:00' */;
/*!40014 SET @OLD_UNIQUE_CHECKS=@@UNIQUE_CHECKS, UNIQUE_CHECKS=0 */;
/*!40014 SET @OLD_FOREIGN_KEY_CHECKS=@@FOREIGN_KEY_CHECKS, FOREIGN_KEY_CHECKS=0 */;
/*!40101 SET @OLD_SQL_MODE=@@SQL_MODE, SQL_MODE='NO_AUTO_VALUE_ON_ZERO' */;
/*!40111 SET @OLD_SQL_NOTES=@@SQL_NOTES, SQL_NOTES=0 */;
SET @MYSQLDUMP_TEMP_LOG_BIN = @@SESSION.SQL_LOG_BIN;
SET @@SESSION.SQL_LOG_BIN= 0;

--
-- GTID state at the beginning of the backup 
--

SET @@GLOBAL.GTID_PURGED=/*!80000 '+'*/ 'db64dc50-cca0-11f0-93b2-005056c00001:1-18167';

--
-- Table structure for table `circuits`
--

DROP TABLE IF EXISTS `circuits`;
/*!40101 SET @saved_cs_client     = @@character_set_client */;
/*!50503 SET character_set_client = utf8mb4 */;
CREATE TABLE `circuits` (
  `circuitId` int NOT NULL,
  `circuitRef` varchar(50) DEFAULT NULL,
  `name` varchar(50) DEFAULT NULL,
  `location` varchar(50) DEFAULT NULL,
  `country` varchar(30) DEFAULT NULL,
  `lat` varchar(15) DEFAULT NULL,
  `lng` varchar(15) DEFAULT NULL,
  `alt` varchar(15) DEFAULT NULL,
  `url` varchar(255) DEFAULT NULL,
  PRIMARY KEY (`circuitId`)
) ENGINE=InnoDB DEFAULT CHARSET=utf8mb4 COLLATE=utf8mb4_0900_ai_ci;
/*!40101 SET character_set_client = @saved_cs_client */;

--
-- Dumping data for table `circuits`
--

LOCK TABLES `circuits` WRITE;
/*!40000 ALTER TABLE `circuits` DISABLE KEYS */;
INSERT INTO `circuits` VALUES (1,'albert_park','Albert Park Grand Prix Circuit','Melbourne','Australia','-37.8497','144.968','10','http://en.wikipedia.org/wiki/Melbourne_Grand_Prix_Circuit'),(2,'sepang','Sepang International Circuit','Kuala Lumpur','Malaysia','2.76083','101.738','','http://en.wikipedia.org/wiki/Sepang_International_Circuit'),(3,'bahrain','Bahrain International Circuit','Sakhir','Bahrain','26.0325','50.5106','','http://en.wikipedia.org/wiki/Bahrain_International_Circuit'),(4,'catalunya','Circuit de Barcelona-Catalunya','Montmelo','Spain','41.57','2.26111','','http://en.wikipedia.org/wiki/Circuit_de_Barcelona-Catalunya'),(5,'istanbul','Istanbul Park','Istanbul','Turkey','40.9517','29.405','','http://en.wikipedia.org/wiki/Istanbul_Park'),(6,'monaco','Circuit de Monaco','Monte-Carlo','Monaco','43.7347','7.42056','','http://en.wikipedia.org/wiki/Circuit_de_Monaco'),(7,'villeneuve','Circuit Gilles Villeneuve','Montreal','Canada','45.5','-73.5228','','http://en.wikipedia.org/wiki/Circuit_Gilles_Villeneuve'),(8,'magny_cours','Circuit de Nevers Magny-Cours','Magny Cours','France','46.8642','3.16361','','http://en.wikipedia.org/wiki/Circuit_de_Nevers_Magny-Cours'),(9,'silverstone','Silverstone Circuit','Silverstone','UK','52.0786','-1.01694','','http://en.wikipedia.org/wiki/Silverstone_Circuit'),(10,'hockenheimring','Hockenheimring','Hockenheim','Germany','49.3278','8.56583','','http://en.wikipedia.org/wiki/Hockenheimring'),(11,'hungaroring','Hungaroring','Budapest','Hungary','47.5789','19.2486','','http://en.wikipedia.org/wiki/Hungaroring'),(12,'valencia','Valencia Street Circuit','Valencia','Spain','39.4589','-0.331667','','http://en.wikipedia.org/wiki/Valencia_Street_Circuit'),(13,'spa','Circuit de Spa-Francorchamps','Spa','Belgium','50.4372','5.97139','','http://en.wikipedia.org/wiki/Circuit_de_Spa-Francorchamps'),(14,'monza','Autodromo Nazionale di Monza','Monza','Italy','45.6156','9.28111','','http://en.wikipedia.org/wiki/Autodromo_Nazionale_Monza'),(15,'marina_bay','Marina Bay Street Circuit','Marina Bay','Singapore','1.2914','103.864','','http://en.wikipedia.org/wiki/Marina_Bay_Street_Circuit'),(16,'fuji','Fuji Speedway','Oyama','Japan','35.3717','138.927','','http://en.wikipedia.org/wiki/Fuji_Speedway'),(17,'shanghai','Shanghai International Circuit','Shanghai','China','31.3389','121.22','','http://en.wikipedia.org/wiki/Shanghai_International_Circuit'),(18,'interlagos','Autodromo Jose Carlos Pace','Sao Paulo','Brazil','-23.7036','-46.6997','','http://en.wikipedia.org/wiki/Autodromo_Jose_Carlos_Pace'),(19,'indianapolis','Indianapolis Motor Speedway','Indianapolis','USA','39.795','-86.2347','','http://en.wikipedia.org/wiki/Indianapolis_Motor_Speedway'),(20,'nurburgring','Nurburgring','Nurburg','Germany','50.3356','6.9475','','http://en.wikipedia.org/wiki/Nurburgring'),(21,'imola','Autodromo Enzo e Dino Ferrari','Imola','Italy','44.3439','11.7167','','http://en.wikipedia.org/wiki/Autodromo_Enzo_e_Dino_Ferrari'),(22,'suzuka','Suzuka Circuit','Suzuka','Japan','34.8431','136.541','','http://en.wikipedia.org/wiki/Suzuka_Circuit'),(23,'osterreichring','A1-Ring','Spielburg','Austria','47.2197','14.7647','','http://en.wikipedia.org/wiki/A1-Ring'),(24,'yas_marina','Yas Marina Circuit','Abu Dhabi','UAE','24.4672','54.6031','','http://en.wikipedia.org/wiki/Yas_Marina_Circuit'),(25,'galvez','Autodromo Juan y Oscar Galvez','Buenos Aires','Argentina','-34.6943','-58.4593','','http://en.wikipedia.org/wiki/Autodromo_Oscar_Alfredo_Galvez'),(26,'jerez','Circuito de Jerez','Jerez de la Frontera','Spain','36.7083','-6.03417','','http://en.wikipedia.org/wiki/Circuito_Permanente_de_Jerez'),(27,'estoril','Autodromo do Estoril','Estoril','Portugal','38.7506','-9.39417','','http://en.wikipedia.org/wiki/Autodromo_do_Estoril'),(28,'okayama','Okayama International Circuit','Okayama','Japan','34.915','134.221','','http://en.wikipedia.org/wiki/TI_Circuit'),(29,'adelaide','Adelaide Street Circuit','Adelaide','Australia','-34.9272','138.617','','http://en.wikipedia.org/wiki/Adelaide_Street_Circuit'),(30,'kyalami','Kyalami','Midrand','South Africa','-25.9894','28.0767','','http://en.wikipedia.org/wiki/Kyalami'),(31,'donington','Donington Park','Castle Donington','UK','52.8306','-1.37528','','http://en.wikipedia.org/wiki/Donington_Park'),(32,'rodriguez','Autodromo Hermanos Rodriguez','Mexico City','Mexico','19.4042','-99.0907','','http://en.wikipedia.org/wiki/Autodromo_Hermanos_Rodriguez'),(33,'phoenix','Phoenix street circuit','Phoenix','USA','33.4479','-112.075','','http://en.wikipedia.org/wiki/Phoenix_street_circuit'),(34,'ricard','Circuit Paul Ricard','Le Castellet','France','43.2506','5.79167','','http://en.wikipedia.org/wiki/Paul_Ricard_Circuit'),(35,'yeongam','Korean International Circuit','Yeongam County','Korea','34.7333','126.417','','http://en.wikipedia.org/wiki/Korean_International_Circuit'),(36,'jacarepagua','Autodromo Internacional Nelson Piquet','Rio de Janeiro','Brazil','-22.9756','-43.395','','http://en.wikipedia.org/wiki/Autodromo_Internacional_Nelson_Piquet'),(37,'detroit','Detroit Street Circuit','Detroit','USA','42.3298','-83.0401','','http://en.wikipedia.org/wiki/Detroit_street_circuit'),(38,'brands_hatch','Brands Hatch','Kent','UK','51.3569','0.263056','','http://en.wikipedia.org/wiki/Brands_Hatch'),(39,'zandvoort','Circuit Park Zandvoort','Zandvoort','Netherlands','52.3888','4.54092','','http://en.wikipedia.org/wiki/Circuit_Zandvoort'),(40,'zolder','Zolder','Heusden-Zolder','Belgium','50.9894','5.25694','','http://en.wikipedia.org/wiki/Zolder'),(41,'dijon','Dijon-Prenois','Dijon','France','47.3625','4.89913','','http://en.wikipedia.org/wiki/Dijon-Prenois'),(42,'dallas','Fair Park','Dallas','USA','32.7774','-96.7587','','http://en.wikipedia.org/wiki/Fair_Park'),(43,'long_beach','Long Beach','California','USA','33.7651','-118.189','','http://en.wikipedia.org/wiki/Long_Beach,_California'),(44,'las_vegas','Las Vegas Street Circuit','Nevada','USA','36.1162','-115.174','','http://en.wikipedia.org/wiki/Las_Vegas,_Nevada'),(45,'jarama','Jarama','Madrid','Spain','40.6171','-3.58558','','http://en.wikipedia.org/wiki/Circuito_Permanente_Del_Jarama'),(46,'watkins_glen','Watkins Glen','New York State','USA','42.3369','-76.9272','','http://en.wikipedia.org/wiki/Watkins_Glen_International'),(47,'anderstorp','Scandinavian Raceway','Anderstorp','Sweden','57.2653','13.6042','','http://en.wikipedia.org/wiki/Scandinavian_Raceway'),(48,'mosport','Mosport International Raceway','Ontario','Canada','44.0481','-78.6756','','http://en.wikipedia.org/wiki/Mosport'),(49,'montjuic','Montjuic','Barcelona','Spain','41.3664','2.15167','','http://en.wikipedia.org/wiki/Montjuic_circuit'),(50,'nivelles','Nivelles-Baulers','Brussels','Belgium','50.6211','4.32694','','http://en.wikipedia.org/wiki/Nivelles-Baulers'),(51,'charade','Charade Circuit','Clermont-Ferrand','France','45.7472','3.03889','','http://en.wikipedia.org/wiki/Charade_Circuit'),(52,'tremblant','Circuit Mont-Tremblant','Quebec','Canada','46.1877','-74.6099','','http://en.wikipedia.org/wiki/Circuit_Mont-Tremblant'),(53,'essarts','Rouen-Les-Essarts','Rouen','France','49.3306','1.00458','','http://en.wikipedia.org/wiki/Rouen-Les-Essarts'),(54,'lemans','Le Mans','Le Mans','France','47.95','0.224231','','http://en.wikipedia.org/wiki/Circuit_de_la_Sarthe#Bugatti_Circuit'),(55,'reims','Reims-Gueux','Reims','France','49.2542','3.93083','','http://en.wikipedia.org/wiki/Reims-Gueux'),(56,'george','Prince George Circuit','Eastern Cape Province','South Africa','-33.0486','27.8736','','http://en.wikipedia.org/wiki/Prince_George_Circuit'),(57,'zeltweg','Zeltweg','Styria','Austria','47.2039','14.7478','','http://en.wikipedia.org/wiki/Zeltweg_Airfield'),(58,'aintree','Aintree','Liverpool','UK','53.4769','-2.94056','','http://en.wikipedia.org/wiki/Aintree_Motor_Racing_Circuit'),(59,'boavista','Circuito da Boavista','Oporto','Portugal','41.1705','-8.67325','','http://en.wikipedia.org/wiki/Circuito_da_Boavista'),(60,'riverside','Riverside International Raceway','California','USA','33.937','-117.273','','http://en.wikipedia.org/wiki/Riverside_International_Raceway'),(61,'avus','AVUS','Berlin','Germany','52.4806','13.2514','','http://en.wikipedia.org/wiki/AVUS'),(62,'monsanto','Monsanto Park Circuit','Lisbon','Portugal','38.7197','-9.20306','','http://en.wikipedia.org/wiki/Monsanto_Park_Circuit'),(63,'sebring','Sebring International Raceway','Florida','USA','27.4547','-81.3483','','http://en.wikipedia.org/wiki/Sebring_Raceway'),(64,'ain-diab','Ain Diab','Casablanca','Morocco','33.5786','-7.6875','','http://en.wikipedia.org/wiki/Ain-Diab_Circuit'),(65,'pescara','Pescara Circuit','Pescara','Italy','42.475','14.1508','','http://en.wikipedia.org/wiki/Pescara_Circuit'),(66,'bremgarten','Circuit Bremgarten','Bern','Switzerland','46.9589','7.40194','','http://en.wikipedia.org/wiki/Circuit_Bremgarten'),(67,'pedralbes','Circuit de Pedralbes','Barcelona','Spain','41.3903','2.11667','','http://en.wikipedia.org/wiki/Pedralbes_Circuit'),(68,'buddh','Buddh International Circuit','Uttar Pradesh','India','28.3487','77.5331','','http://en.wikipedia.org/wiki/Buddh_International_Circuit'),(69,'americas','Circuit of the Americas','Austin','USA','30.1328','-97.6411','','http://en.wikipedia.org/wiki/Circuit_of_the_Americas'),(70,'red_bull_ring','Red Bull Ring','Spielburg','Austria','47.2197','14.7647','','http://en.wikipedia.org/wiki/Red_Bull_Ring'),(71,'sochi','Sochi Autodrom','Sochi','Russia','43.4057','39.9578','','http://en.wikipedia.org/wiki/Sochi_Autodrom'),(72,'port_imperial','Port Imperial Street Circuit','New Jersey','USA','40.7769','-74.0111','','http://en.wikipedia.org/wiki/Port_Imperial_Street_Circuit'),(73,'BAK','Baku City Circuit','Baku','Azerbaijan','40.3725','49.8533','','http://en.wikipedia.org/wiki/Baku_City_Circuit');
/*!40000 ALTER TABLE `circuits` ENABLE KEYS */;
UNLOCK TABLES;

--
-- Table structure for table `constructors`
--

DROP TABLE IF EXISTS `constructors`;
/*!40101 SET @saved_cs_client     = @@character_set_client */;
/*!50503 SET character_set_client = utf8mb4 */;
CREATE TABLE `constructors` (
  `constructorId` int NOT NULL,
  `constructorRef` varchar(50) DEFAULT NULL,
  `name` varchar(50) DEFAULT NULL,
  `nationality` varchar(30) DEFAULT NULL,
  `url` varchar(255) DEFAULT NULL,
  PRIMARY KEY (`constructorId`)
) ENGINE=InnoDB DEFAULT CHARSET=utf8mb4 COLLATE=utf8mb4_0900_ai_ci;
/*!40101 SET character_set_client = @saved_cs_client */;

--
-- Dumping data for table `constructors`
--

LOCK TABLES `constructors` WRITE;
/*!40000 ALTER TABLE `constructors` DISABLE KEYS */;
INSERT INTO `constructors` VALUES (1,'mclaren','McLaren','British','http://en.wikipedia.org/wiki/McLaren'),(2,'bmw_sauber','BMW Sauber','German','http://en.wikipedia.org/wiki/BMW_Sauber'),(3,'williams','Williams','British','http://en.wikipedia.org/wiki/Williams_Grand_Prix_Engineering'),(4,'renault','Renault','French','http://en.wikipedia.org/wiki/Renault_F1'),(5,'toro_rosso','Toro Rosso','Italian','http://en.wikipedia.org/wiki/Scuderia_Toro_Rosso'),(6,'ferrari','Ferrari','Italian','http://en.wikipedia.org/wiki/Scuderia_Ferrari'),(7,'toyota','Toyota','Japanese','http://en.wikipedia.org/wiki/Toyota_Racing'),(8,'super_aguri','Super Aguri','Japanese','http://en.wikipedia.org/wiki/Super_Aguri_F1'),(9,'red_bull','Red Bull','Austrian','http://en.wikipedia.org/wiki/Red_Bull_Racing'),(10,'force_india','Force India','Indian','http://en.wikipedia.org/wiki/Force_India'),(11,'honda','Honda','Japanese','http://en.wikipedia.org/wiki/Honda_Racing_F1'),(12,'spyker','Spyker','Dutch','http://en.wikipedia.org/wiki/Spyker_F1'),(13,'mf1','MF1','Russian','http://en.wikipedia.org/wiki/Midland_F1_Racing'),(14,'spyker_mf1','Spyker MF1','Dutch','http://en.wikipedia.org/wiki/Midland_F1_Racing'),(15,'sauber','Sauber','Swiss','http://en.wikipedia.org/wiki/Sauber'),(16,'bar','BAR','British','http://en.wikipedia.org/wiki/British_American_Racing'),(17,'jordan','Jordan','Irish','http://en.wikipedia.org/wiki/Jordan_Grand_Prix'),(18,'minardi','Minardi','Italian','http://en.wikipedia.org/wiki/Minardi'),(19,'jaguar','Jaguar','British','http://en.wikipedia.org/wiki/Jaguar_Racing'),(20,'prost','Prost','French','http://en.wikipedia.org/wiki/Prost_Grand_Prix'),(21,'arrows','Arrows','British','http://en.wikipedia.org/wiki/Arrows_Grand_Prix_International'),(22,'benetton','Benetton','Italian','http://en.wikipedia.org/wiki/Benetton_Formula'),(23,'brawn','Brawn','British','http://en.wikipedia.org/wiki/Brawn_GP'),(24,'stewart','Stewart','British','http://en.wikipedia.org/wiki/Stewart_Grand_Prix'),(25,'tyrrell','Tyrrell','British','http://en.wikipedia.org/wiki/Tyrrell_Racing'),(26,'lola','Lola','British','http://en.wikipedia.org/wiki/MasterCard_Lola'),(27,'ligier','Ligier','French','http://en.wikipedia.org/wiki/Ligier'),(28,'forti','Forti','Italian','http://en.wikipedia.org/wiki/Forti'),(29,'footwork','Footwork','British','http://en.wikipedia.org/wiki/Footwork_Arrows'),(30,'pacific','Pacific','British','http://en.wikipedia.org/wiki/Pacific_Racing'),(31,'simtek','Simtek','British','http://en.wikipedia.org/wiki/Simtek'),(32,'team_lotus','Team Lotus','British','http://en.wikipedia.org/wiki/Team_Lotus'),(33,'larrousse','Larrousse','French','http://en.wikipedia.org/wiki/Larrousse'),(34,'brabham','Brabham','British','http://en.wikipedia.org/wiki/Brabham'),(35,'dallara','Dallara','Italian','http://en.wikipedia.org/wiki/Dallara'),(36,'fondmetal','Fondmetal','Italian','http://en.wikipedia.org/wiki/Fondmetal'),(37,'march','March','British','http://en.wikipedia.org/wiki/March_Engineering'),(38,'moda','Andrea Moda','Italian','http://en.wikipedia.org/wiki/Andrea_Moda_Formula'),(39,'ags','AGS','French','http://en.wikipedia.org/wiki/Automobiles_Gonfaronnaises_Sportives'),(40,'lambo','Lambo','Italian','http://en.wikipedia.org/wiki/Modena_(racing_team)'),(41,'leyton','Leyton House','British','http://en.wikipedia.org/wiki/Leyton_House'),(42,'coloni','Coloni','Italian','http://en.wikipedia.org/wiki/Enzo_Coloni_Racing_Car_Systems'),(44,'eurobrun','Euro Brun','Italian','http://en.wikipedia.org/wiki/Euro_Brun'),(45,'osella','Osella','Italian','http://en.wikipedia.org/wiki/Osella'),(46,'onyx','Onyx','British','http://en.wikipedia.org/wiki/Onyx_(racing_team)'),(47,'life','Life','Italian','http://en.wikipedia.org/wiki/Life_(Racing_Team)'),(48,'rial','Rial','German','http://en.wikipedia.org/wiki/Rial_%28racing_team%29'),(49,'zakspeed','Zakspeed','German','http://en.wikipedia.org/wiki/Zakspeed'),(50,'ram','RAM','British','http://en.wikipedia.org/wiki/RAM_Racing'),(51,'alfa','Alfa Romeo','Italian','http://en.wikipedia.org/wiki/Alfa_Romeo_(Formula_One)'),(52,'spirit','Spirit','British','http://en.wikipedia.org/wiki/Spirit_(racing_team)'),(53,'toleman','Toleman','British','http://en.wikipedia.org/wiki/Toleman'),(54,'ats','ATS','Italian','http://en.wikipedia.org/wiki/ATS_(wheels)'),(55,'theodore','Theodore','Hong Kong','http://en.wikipedia.org/wiki/Theodore_Racing'),(56,'fittipaldi','Fittipaldi','Brazilian','http://en.wikipedia.org/wiki/Fittipaldi_%28constructor%29'),(57,'ensign','Ensign','British','http://en.wikipedia.org/wiki/Ensign_%28racing_team%29'),(58,'shadow','Shadow','British','http://en.wikipedia.org/wiki/Shadow_Racing_Cars'),(59,'wolf','Wolf','Canadian','http://en.wikipedia.org/wiki/Walter_Wolf_Racing'),(60,'merzario','Merzario','Italian','http://en.wikipedia.org/wiki/Merzario'),(61,'kauhsen','Kauhsen','German','http://en.wikipedia.org/wiki/Kauhsen'),(62,'rebaque','Rebaque','Mexican','http://en.wikipedia.org/wiki/Rebaque'),(63,'surtees','Surtees','British','http://en.wikipedia.org/wiki/Surtees'),(64,'hesketh','Hesketh','British','http://en.wikipedia.org/wiki/Hesketh_Racing'),(65,'martini','Martini','French','http://en.wikipedia.org/wiki/Martini_(cars)'),(66,'brm','BRM','British','http://en.wikipedia.org/wiki/BRM'),(67,'penske','Penske','American','http://en.wikipedia.org/wiki/Penske_Racing'),(68,'lec','LEC','British','http://en.wikipedia.org/wiki/LEC_(Formula_One)'),(69,'mcguire','McGuire','Australian','http://en.wikipedia.org/wiki/McGuire_(Formula_One)'),(70,'boro','Boro','Dutch','http://en.wikipedia.org/wiki/Boro_(Formula_One)'),(71,'apollon','Apollon','Swiss','http://en.wikipedia.org/wiki/Apollon_(Formula_One)'),(72,'kojima','Kojima','Japanese','http://en.wikipedia.org/wiki/Kojima_Engineering'),(73,'parnelli','Parnelli','American','http://en.wikipedia.org/wiki/Parnelli'),(74,'maki','Maki','Japanese','http://en.wikipedia.org/wiki/Maki_(cars)'),(75,'hill','Embassy Hill','British','http://en.wikipedia.org/wiki/Hill_(constructor)'),(76,'lyncar','Lyncar','British','http://en.wikipedia.org/wiki/Lyncar'),(77,'trojan','Trojan','British','http://en.wikipedia.org/wiki/Trojan_(Racing_team)'),(78,'amon','Amon','New Zealand','http://en.wikipedia.org/wiki/Amon_(Formula_One_team)'),(79,'token','Token','British','http://en.wikipedia.org/wiki/Token_(Racing_team)'),(80,'iso_marlboro','Iso Marlboro','British','http://en.wikipedia.org/wiki/Iso_Marlboro'),(81,'tecno','Tecno','Italian','http://en.wikipedia.org/wiki/Tecno'),(82,'matra','Matra','French','http://en.wikipedia.org/wiki/Matra'),(83,'politoys','Politoys','British','http://en.wikipedia.org/wiki/Frank_Williams_Racing_Cars'),(84,'connew','Connew','British','http://en.wikipedia.org/wiki/Connew'),(85,'bellasi','Bellasi','Swiss','http://en.wikipedia.org/wiki/Bellasi'),(86,'tomaso','De Tomaso','Italian','http://en.wikipedia.org/wiki/De_Tomaso'),(87,'cooper','Cooper','British','http://en.wikipedia.org/wiki/Cooper_Car_Company'),(88,'eagle','Eagle','American','http://en.wikipedia.org/wiki/Anglo_American_Racers'),(89,'lds','LDS','South African','http://en.wikipedia.org/wiki/LDS_(automobile)'),(90,'protos','Protos','British','http://en.wikipedia.org/wiki/Protos_(constructor)'),(91,'shannon','Shannon','British','http://en.wikipedia.org/wiki/Shannon_(Formula_One)'),(92,'scirocco','Scirocco','British','http://en.wikipedia.org/wiki/Scirocco-Powell'),(93,'re','RE','Rhodesian','http://en.wikipedia.org/wiki/RE_%28automobile%29'),(94,'brp','BRP','British','http://en.wikipedia.org/wiki/British_Racing_Partnership'),(95,'porsche','Porsche','German','http://en.wikipedia.org/wiki/Porsche_in_Formula_One'),(96,'derrington','Derrington','British','http://en.wikipedia.org/wiki/Derrington-Francis'),(97,'gilby','Gilby','British','http://en.wikipedia.org/wiki/Gilby'),(98,'stebro','Stebro','Canadian','http://en.wikipedia.org/wiki/Stebro'),(99,'emeryson','Emeryson','British','http://en.wikipedia.org/wiki/Emeryson'),(100,'enb','ENB','Belgium','http://en.wikipedia.org/wiki/Ecurie_Nationale_Belge'),(101,'jbw','JBW','British','http://en.wikipedia.org/wiki/JBW'),(102,'ferguson','Ferguson','British','http://en.wikipedia.org/wiki/Ferguson_Research_Ltd.'),(103,'mbm','MBM','Swiss','http://en.wikipedia.org/wiki/Monteverdi_Basel_Motors'),(104,'behra-porsche','Behra-Porsche','Italian','http://en.wikipedia.org/wiki/Behra-Porsche'),(105,'maserati','Maserati','Italian','http://en.wikipedia.org/wiki/Maserati'),(106,'scarab','Scarab','American','http://en.wikipedia.org/wiki/Scarab_(constructor)'),(107,'watson','Watson','American','http://en.wikipedia.org/wiki/A.J._Watson'),(108,'epperly','Epperly','American','http://en.wikipedia.org/wiki/Epperly'),(109,'phillips','Phillips','American','http://en.wikipedia.org/wiki/Phillips_(constructor)'),(110,'lesovsky','Lesovsky','American','http://en.wikipedia.org/wiki/Lesovsky'),(111,'trevis','Trevis','American','http://en.wikipedia.org/wiki/Trevis'),(112,'meskowski','Meskowski','American','http://en.wikipedia.org/wiki/Meskowski'),(113,'kurtis_kraft','Kurtis Kraft','American','http://en.wikipedia.org/wiki/Kurtis_Kraft'),(114,'kuzma','Kuzma','American','http://en.wikipedia.org/wiki/Kuzma_(constructor)'),(115,'vhristensen','Christensen','American','http://en.wikipedia.org/wiki/Christensen_(constructor)'),(116,'ewing','Ewing','American','http://en.wikipedia.org/wiki/Ewing_(constructor)'),(117,'aston_martin','Aston Martin','British','http://en.wikipedia.org/wiki/Aston_Martin'),(118,'vanwall','Vanwall','British','http://en.wikipedia.org/wiki/Vanwall'),(119,'moore','Moore','American','http://en.wikipedia.org/wiki/Moore_(constructor)'),(120,'dunn','Dunn','American','http://en.wikipedia.org/wiki/Dunn_Engineering'),(121,'elder','Elder','American','http://en.wikipedia.org/wiki/Elder_(constructor)'),(122,'sutton','Sutton','American','http://en.wikipedia.org/wiki/Sutton_(constructor)'),(123,'fry','Fry','British','http://en.wikipedia.org/wiki/Fry_(racing_team)'),(124,'tec-mec','Tec-Mec','Italian','http://en.wikipedia.org/wiki/Tec-Mec'),(125,'connaught','Connaught','British','http://en.wikipedia.org/wiki/Connaught_Engineering'),(126,'alta','Alta','British','http://en.wikipedia.org/wiki/Alta_auto_racing_team'),(127,'osca','OSCA','Italian','http://en.wikipedia.org/wiki/Officine_Specializate_Costruzione_Automobili'),(128,'gordini','Gordini','French','http://en.wikipedia.org/wiki/Gordini'),(129,'stevens','Stevens','American','http://en.wikipedia.org/wiki/Stevens_(constructor)'),(130,'bugatti','Bugatti','French','http://en.wikipedia.org/wiki/Bugatti'),(131,'mercedes','Mercedes','German','http://en.wikipedia.org/wiki/Mercedes-Benz_in_Formula_One'),(132,'lancia','Lancia','Italian','http://en.wikipedia.org/wiki/Lancia_in_Formula_One'),(133,'hwm','HWM','British','http://en.wikipedia.org/wiki/Hersham_and_Walton_Motors'),(134,'schroeder','Schroeder','American','http://en.wikipedia.org/wiki/Schroeder_(constructor)'),(135,'pawl','Pawl','American','http://en.wikipedia.org/wiki/Pawl_(constructor)'),(136,'pankratz','Pankratz','American','http://en.wikipedia.org/wiki/Pankratz'),(137,'arzani-volpini','Arzani-Volpini','Italian','http://en.wikipedia.org/wiki/Arzani-Volpini'),(138,'nichels','Nichels','American','http://en.wikipedia.org/wiki/Nichels'),(139,'bromme','Bromme','American','http://en.wikipedia.org/wiki/Bromme'),(140,'klenk','Klenk','German','http://en.wikipedia.org/wiki/Klenk'),(141,'simca','Simca','French','http://en.wikipedia.org/wiki/Simca'),(142,'turner','Turner','American','http://en.wikipedia.org/wiki/Turner_(constructor)'),(143,'del_roy','Del Roy','American','http://en.wikipedia.org/wiki/Del_Roy'),(144,'veritas','Veritas','German','http://en.wikipedia.org/wiki/Veritas_(constructor)'),(145,'bmw','BMW','German','http://en.wikipedia.org/wiki/BMW'),(146,'emw','EMW','East German','http://en.wikipedia.org/wiki/Eisenacher_Motorenwerk'),(147,'afm','AFM','German','http://en.wikipedia.org/wiki/Alex_von_Falkenhausen_Motorenbau'),(148,'frazer_nash','Frazer Nash','British','http://en.wikipedia.org/wiki/Frazer_Nash'),(149,'sherman','Sherman','American','http://en.wikipedia.org/wiki/Sherman_(constructor)'),(150,'deidt','Deidt','American','http://en.wikipedia.org/wiki/Deidt'),(151,'era','ERA','British','http://en.wikipedia.org/wiki/English_Racing_Automobiles'),(152,'butterworth','Aston Butterworth','British','http://en.wikipedia.org/wiki/Aston_Butterworth'),(153,'cisitalia','Cisitalia','Italian','http://en.wikipedia.org/wiki/Cisitalia'),(154,'lago','Talbot-Lago','French','http://en.wikipedia.org/wiki/Talbot-Lago'),(155,'hall','Hall','American','http://en.wikipedia.org/wiki/Hall_(constructor)'),(156,'marchese','Marchese','American','http://en.wikipedia.org/wiki/Marchese_(constructor)'),(157,'langley','Langley','American','http://en.wikipedia.org/wiki/Langley_(constructor)'),(158,'rae','Rae','American','http://en.wikipedia.org/wiki/Rae_(motorsport)'),(159,'olson','Olson','American','http://en.wikipedia.org/wiki/Olson_(constructor)'),(160,'wetteroth','Wetteroth','American','http://en.wikipedia.org/wiki/Wetteroth'),(161,'adams','Adams','American','http://en.wikipedia.org/wiki/Adams_(constructor)'),(162,'snowberger','Snowberger','American','http://en.wikipedia.org/wiki/Snowberger'),(163,'milano','Milano','Italian','http://en.wikipedia.org/wiki/Scuderia_Milano'),(164,'hrt','HRT','Spanish','http://en.wikipedia.org/wiki/Hispania_Racing'),(166,'virgin','Virgin','British','http://en.wikipedia.org/wiki/Virgin_Racing'),(167,'cooper-maserati','Cooper-Maserati','British','http://en.wikipedia.org/wiki/Cooper_Car_Company'),(168,'cooper-osca','Cooper-OSCA','British','http://en.wikipedia.org/wiki/Cooper_Car_Company'),(169,'cooper-borgward','Cooper-Borgward','British','http://en.wikipedia.org/wiki/Cooper_Car_Company'),(170,'cooper-climax','Cooper-Climax','British','http://en.wikipedia.org/wiki/Cooper_Car_Company'),(171,'cooper-castellotti','Cooper-Castellotti','British','http://en.wikipedia.org/wiki/Cooper_Car_Company'),(172,'lotus-climax','Lotus-Climax','British','http://en.wikipedia.org/wiki/Team_Lotus'),(173,'lotus-maserati','Lotus-Maserati','British','http://en.wikipedia.org/wiki/Team_Lotus'),(174,'de_tomaso-osca','De Tomaso-Osca','Italian','http://en.wikipedia.org/wiki/De_Tomaso'),(175,'de_tomaso-alfa_romeo','De Tomaso-Alfa Romeo','Italian','http://en.wikipedia.org/wiki/De_Tomaso'),(176,'lotus-brm','Lotus-BRM','British','http://en.wikipedia.org/wiki/Team_Lotus'),(177,'lotus-borgward','Lotus-Borgward','British','http://en.wikipedia.org/wiki/Team_Lotus'),(178,'cooper-alfa_romeo','Cooper-Alfa Romeo','British','http://en.wikipedia.org/wiki/Cooper_Car_Company'),(179,'de_tomaso-ferrari','De Tomaso-Ferrari','Italian','http://en.wikipedia.org/wiki/De_Tomaso'),(180,'lotus-ford','Lotus-Ford','British','http://en.wikipedia.org/wiki/Team_Lotus'),(181,'brabham-brm','Brabham-BRM','British','http://en.wikipedia.org/wiki/Brabham'),(182,'brabham-ford','Brabham-Ford','British','http://en.wikipedia.org/wiki/Brabham'),(183,'brabham-climax','Brabham-Climax','British','http://en.wikipedia.org/wiki/Brabham'),(184,'lds-climax','LDS-Climax','South African','http://en.wikipedia.org/wiki/LDS_(automobile)'),(185,'lds-alfa_romeo','LDS-Alfa Romeo','South African','http://en.wikipedia.org/wiki/LDS_(automobile)'),(186,'cooper-ford','Cooper-Ford','British','http://en.wikipedia.org/wiki/Cooper_Car_Company'),(187,'mclaren-ford','McLaren-Ford','British','http://en.wikipedia.org/wiki/Team_McLaren'),(188,'mclaren-seren','McLaren-Serenissima','British','http://en.wikipedia.org/wiki/Team_McLaren'),(189,'eagle-climax','Eagle-Climax','American','http://en.wikipedia.org/wiki/Anglo_American_Racers'),(190,'eagle-weslake','Eagle-Weslake','American','http://en.wikipedia.org/wiki/Anglo_American_Racers'),(191,'brabham-repco','Brabham-Repco','British','http://en.wikipedia.org/wiki/Brabham'),(192,'cooper-ferrari','Cooper-Ferrari','British','http://en.wikipedia.org/wiki/Cooper_Car_Company'),(193,'cooper-ats','Cooper-ATS','British','http://en.wikipedia.org/wiki/Cooper_Car_Company'),(194,'mclaren-brm','McLaren-BRM','British','http://en.wikipedia.org/wiki/McLaren_(racing)'),(195,'cooper-brm','Cooper-BRM','British','http://en.wikipedia.org/wiki/Cooper_Car_Company'),(196,'matra-ford','Matra-Ford','French','http://en.wikipedia.org/wiki/Matra'),(197,'brm-ford','BRM-Ford','British','http://en.wikipedia.org/wiki/BRM'),(198,'mclaren-alfa_romeo','McLaren-Alfa Romeo','British','http://en.wikipedia.org/wiki/McLaren_(racing)'),(199,'march-alfa_romeo','March-Alfa Romeo','British','http://en.wikipedia.org/wiki/March_Engineering'),(200,'march-ford','March-Ford','British','http://en.wikipedia.org/wiki/March_Engineering'),(201,'lotus-pw','Lotus-Pratt &amp; Whitney','British','http://en.wikipedia.org/wiki/Team_Lotus'),(202,'shadow-ford','Shadow-Ford','British','http://en.wikipedia.org/wiki/Shadow_Racing_Cars'),(203,'shadow-matra','Shadow-Matra','British','http://en.wikipedia.org/wiki/Shadow_Racing_Cars'),(204,'brabham-alfa_romeo','Brabham-Alfa Romeo','British','http://en.wikipedia.org/wiki/Brabham'),(205,'lotus_racing','Lotus','Malaysian','http://en.wikipedia.org/wiki/Lotus_Racing'),(206,'marussia','Marussia','Russian','http://en.wikipedia.org/wiki/Marussia_F1'),(207,'caterham','Caterham','Malaysian','http://en.wikipedia.org/wiki/Caterham_F1'),(208,'lotus_f1','Lotus F1','British','http://en.wikipedia.org/wiki/Lotus_F1'),(209,'manor','Manor Marussia','British','http://en.wikipedia.org/wiki/Manor_Motorsport'),(210,'haas','Haas F1 Team','American','http://en.wikipedia.org/wiki/Haas_F1_Team');
/*!40000 ALTER TABLE `constructors` ENABLE KEYS */;
UNLOCK TABLES;

--
-- Table structure for table `constructorstandings`
--

DROP TABLE IF EXISTS `constructorstandings`;
/*!40101 SET @saved_cs_client     = @@character_set_client */;
/*!50503 SET character_set_client = utf8mb4 */;
CREATE TABLE `constructorstandings` (
  `constructorStandingsId` int NOT NULL,
  `raceId` int DEFAULT NULL,
  `constructorId` int DEFAULT NULL,
  `points` int DEFAULT NULL,
  `position` int DEFAULT NULL,
  `positionText` varchar(10) DEFAULT NULL,
  `wins` int DEFAULT NULL,
  PRIMARY KEY (`constructorStandingsId`),
  KEY `raceId` (`raceId`),
  KEY `constructorId` (`constructorId`),
  CONSTRAINT `constructorstandings_ibfk_1` FOREIGN KEY (`raceId`) REFERENCES `races` (`raceId`),
  CONSTRAINT `constructorstandings_ibfk_2` FOREIGN KEY (`constructorId`) REFERENCES `constructors` (`constructorId`) ON DELETE SET NULL ON UPDATE CASCADE
) ENGINE=InnoDB DEFAULT CHARSET=utf8mb4 COLLATE=utf8mb4_0900_ai_ci;
/*!40101 SET character_set_client = @saved_cs_client */;

--
-- Dumping data for table `constructorstandings`
--

LOCK TABLES `constructorstandings` WRITE;
/*!40000 ALTER TABLE `constructorstandings` DISABLE KEYS */;
INSERT INTO `constructorstandings` VALUES (1,18,1,14,1,'1',1),(2,18,2,8,3,'3',0),(3,18,3,9,2,'2',0),(4,18,4,5,4,'4',0),(5,18,5,2,5,'5',0),(6,18,6,1,6,'6',0),(7,19,1,24,1,'1',1),(8,19,2,19,2,'2',0),(9,19,3,9,4,'4',0),(10,19,4,6,5,'5',0),(11,19,5,2,8,'8',0),(12,19,6,11,3,'3',1),(13,19,7,5,6,'6',0),(14,19,9,2,7,'7',0),(15,19,11,0,9,'9',0),(16,19,10,0,10,'10',0),(17,19,8,0,11,'11',0),(18,20,1,28,3,'3',1),(19,20,2,30,1,'1',0),(20,20,3,10,4,'4',0),(21,20,4,6,6,'6',0),(22,20,5,2,8,'8',0),(23,20,6,29,2,'2',2),(24,20,7,8,5,'5',0),(25,20,9,4,7,'7',0),(26,20,11,0,9,'9',0),(27,20,10,0,10,'10',0),(28,20,8,0,11,'11',0),(29,21,1,34,3,'3',1),(30,21,2,35,2,'2',0),(31,21,3,12,4,'4',0),(32,21,4,6,7,'7',0),(33,21,5,2,9,'9',0),(34,21,6,47,1,'1',3),(35,21,7,9,5,'5',0),(36,21,9,8,6,'6',0),(37,21,11,3,8,'8',0),(38,21,10,0,10,'10',0),(39,21,8,0,11,'11',0),(40,22,1,42,3,'3',1),(41,22,2,44,2,'2',0),(42,22,3,13,4,'4',0),(43,22,4,9,7,'7',0),(44,22,5,2,9,'9',0),(45,22,6,63,1,'1',4),(46,22,7,9,6,'6',0),(47,22,9,10,5,'5',0),(48,22,11,3,8,'8',0),(49,22,10,0,10,'10',0),(50,22,8,0,11,'11',0),(51,23,1,53,2,'2',2),(52,23,2,52,3,'3',0),(53,23,3,15,4,'4',0),(54,23,4,9,7,'7',0),(55,23,5,6,8,'8',0),(56,23,6,69,1,'1',4),(57,23,7,9,6,'6',0),(58,23,9,15,5,'5',0),(59,23,11,6,9,'9',0),(60,23,10,0,10,'10',0),(61,23,8,0,11,'11',0),(62,24,1,53,3,'3',2),(63,24,2,70,2,'2',1),(64,24,3,15,6,'6',0),(65,24,4,9,7,'7',0),(66,24,5,7,9,'9',0),(67,24,6,73,1,'1',4),(68,24,7,17,5,'5',0),(69,24,9,21,4,'4',0),(70,24,11,8,8,'8',0),(71,24,10,0,10,'10',0),(72,24,8,0,11,'11',0),(73,25,1,58,3,'3',2),(74,25,2,74,2,'2',1),(75,25,3,15,6,'6',0),(76,25,4,12,7,'7',0),(77,25,5,7,9,'9',0),(78,25,6,91,1,'1',5),(79,25,7,23,5,'5',0),(80,25,9,24,4,'4',0),(81,25,11,8,8,'8',0),(82,25,10,0,10,'10',0),(83,25,8,0,11,'11',0),(84,26,1,72,3,'3',3),(85,26,2,82,2,'2',1),(86,26,3,16,6,'6',0),(87,26,4,15,7,'7',0),(88,26,5,7,9,'9',0),(89,26,6,96,1,'1',5),(90,26,7,25,4,'4',0),(91,26,9,24,5,'5',0),(92,26,11,14,8,'8',0),(93,26,10,0,10,'10',0),(94,26,8,0,11,'11',0),(95,27,1,86,3,'3',4),(96,27,2,89,2,'2',1),(97,27,3,16,7,'7',0),(98,27,4,23,6,'6',0),(99,27,5,8,9,'9',0),(100,27,6,105,1,'1',5),(101,27,7,25,4,'4',0),(102,27,9,24,5,'5',0),(103,27,11,14,8,'8',0),(104,27,10,0,10,'10',0),(105,27,8,0,11,'11',0),(106,28,1,100,2,'2',5),(107,28,2,90,3,'3',1),(108,28,3,16,7,'7',0),(109,28,4,31,5,'5',0),(110,28,5,8,9,'9',0),(111,28,6,111,1,'1',5),(112,28,7,35,4,'4',0),(113,28,9,24,6,'6',0),(114,28,11,14,8,'8',0),(115,28,10,0,10,'10',0),(116,28,8,0,11,'11',0),(117,29,1,113,2,'2',5),(118,29,2,96,3,'3',1),(119,29,3,17,7,'7',0),(120,29,4,31,5,'5',0);
/*!40000 ALTER TABLE `constructorstandings` ENABLE KEYS */;
UNLOCK TABLES;

--
-- Table structure for table `drivers`
--

DROP TABLE IF EXISTS `drivers`;
/*!40101 SET @saved_cs_client     = @@character_set_client */;
/*!50503 SET character_set_client = utf8mb4 */;
CREATE TABLE `drivers` (
  `driverId` int NOT NULL,
  `driverRef` varchar(30) DEFAULT NULL,
  `number` varchar(2) DEFAULT NULL,
  `code` varchar(20) DEFAULT NULL,
  `forename` varchar(30) DEFAULT NULL,
  `surname` varchar(35) DEFAULT NULL,
  `dob` date DEFAULT NULL,
  `nationality` varchar(30) DEFAULT NULL,
  `url` varchar(255) DEFAULT NULL,
  PRIMARY KEY (`driverId`)
) ENGINE=InnoDB DEFAULT CHARSET=utf8mb4 COLLATE=utf8mb4_0900_ai_ci;
/*!40101 SET character_set_client = @saved_cs_client */;

--
-- Dumping data for table `drivers`
--

LOCK TABLES `drivers` WRITE;
/*!40000 ALTER TABLE `drivers` DISABLE KEYS */;
INSERT INTO `drivers` VALUES (1,'hamilton','44','HAM','Lewis','Hamilton','1985-01-07','British','http://en.wikipedia.org/wiki/Lewis_Hamilton'),(2,'heidfeld','','HEI','Nick','Heidfeld','1977-05-10','German','http://en.wikipedia.org/wiki/Nick_Heidfeld'),(3,'rosberg','6','ROS','Nico','Rosberg','1985-06-27','German','http://en.wikipedia.org/wiki/Nico_Rosberg'),(4,'alonso','14','ALO','Fernando','Alonso','1981-07-29','Spanish','http://en.wikipedia.org/wiki/Fernando_Alonso'),(5,'kovalainen','','KOV','Heikki','Kovalainen','1981-10-19','Finnish','http://en.wikipedia.org/wiki/Heikki_Kovalainen'),(6,'nakajima','','NAK','Kazuki','Nakajima','1985-01-11','Japanese','http://en.wikipedia.org/wiki/Kazuki_Nakajima'),(7,'bourdais','','BOU','Sebastien','Bourdais','1979-02-28','French','http://en.wikipedia.org/wiki/Sebastien_Bourdais'),(8,'raikkonen','7','RAI','Kimi','Raikkonen','1979-10-17','Finnish','http://en.wikipedia.org/wiki/Kimi_Raikkonen'),(9,'kubica','','KUB','Robert','Kubica','1984-12-07','Polish','http://en.wikipedia.org/wiki/Robert_Kubica'),(10,'glock','','GLO','Timo','Glock','1982-03-18','German','http://en.wikipedia.org/wiki/Timo_Glock'),(11,'sato','','SAT','Takuma','Sato','1977-01-28','Japanese','http://en.wikipedia.org/wiki/Takuma_Sato'),(12,'piquet_jr','','PIQ','Nelson','Piquet Jr.','1985-07-25','Brazilian','http://en.wikipedia.org/wiki/Nelson_Piquet'),(13,'massa','19','MAS','Felipe','Massa','1981-04-25','Brazilian','http://en.wikipedia.org/wiki/Felipe_Massa'),(14,'coulthard','','COU','David','Coulthard','1971-03-27','British','http://en.wikipedia.org/wiki/David_Coulthard'),(15,'trulli','','TRU','Jarno','Trulli','1974-07-13','Italian','http://en.wikipedia.org/wiki/Jarno_Trulli'),(16,'sutil','99','SUT','Adrian','Sutil','1983-01-11','German','http://en.wikipedia.org/wiki/Adrian_Sutil'),(17,'webber','','WEB','Mark','Webber','1976-08-27','Australian','http://en.wikipedia.org/wiki/Mark_Webber'),(18,'button','22','BUT','Jenson','Button','1980-01-19','British','http://en.wikipedia.org/wiki/Jenson_Button'),(19,'davidson','','DAV','Anthony','Davidson','1979-04-18','British','http://en.wikipedia.org/wiki/Anthony_Davidson'),(20,'vettel','5','VET','Sebastian','Vettel','1987-07-03','German','http://en.wikipedia.org/wiki/Sebastian_Vettel'),(21,'fisichella','','FIS','Giancarlo','Fisichella','1973-01-14','Italian','http://en.wikipedia.org/wiki/Giancarlo_Fisichella'),(22,'barrichello','','BAR','Rubens','Barrichello','1972-05-23','Brazilian','http://en.wikipedia.org/wiki/Rubens_Barrichello'),(23,'ralf_schumacher','','SCH','Ralf','Schumacher','1975-06-30','German','http://en.wikipedia.org/wiki/Ralf_Schumacher'),(24,'liuzzi','','LIU','Vitantonio','Liuzzi','1980-08-06','Italian','http://en.wikipedia.org/wiki/Vitantonio_Liuzzi'),(25,'wurz','','WUR','Alexander','Wurz','1974-02-15','Austrian','http://en.wikipedia.org/wiki/Alexander_Wurz'),(26,'speed','','SPE','Scott','Speed','1983-01-24','American','http://en.wikipedia.org/wiki/Scott_Speed'),(27,'albers','','ALB','Christijan','Albers','1979-04-16','Dutch','http://en.wikipedia.org/wiki/Christijan_Albers'),(28,'markus_winkelhock','','WIN','Markus','Winkelhock','1980-06-13','German','http://en.wikipedia.org/wiki/Markus_Winkelhock'),(29,'yamamoto','','YAM','Sakon','Yamamoto','1982-07-09','Japanese','http://en.wikipedia.org/wiki/Sakon_Yamamoto'),(30,'michael_schumacher','','MSC','Michael','Schumacher','1969-01-03','German','http://en.wikipedia.org/wiki/Michael_Schumacher'),(31,'montoya','','MON','Juan','Pablo Montoya','1975-09-20','Colombian','http://en.wikipedia.org/wiki/Juan_Pablo_Montoya'),(32,'klien','','KLI','Christian','Klien','1983-02-07','Austrian','http://en.wikipedia.org/wiki/Christian_Klien'),(33,'monteiro','','TMO','Tiago','Monteiro','1976-07-24','Portuguese','http://en.wikipedia.org/wiki/Tiago_Monteiro'),(34,'ide','','IDE','Yuji','Ide','1975-01-21','Japanese','http://en.wikipedia.org/wiki/Yuji_Ide'),(35,'villeneuve','','VIL','Jacques','Villeneuve','1971-04-09','Canadian','http://en.wikipedia.org/wiki/Jacques_Villeneuve'),(36,'montagny','','FMO','Franck','Montagny','1978-01-05','French','http://en.wikipedia.org/wiki/Franck_Montagny'),(37,'rosa','','DLR','Pedro','de la Rosa','1971-02-24','Spanish','http://en.wikipedia.org/wiki/Pedro_de_la_Rosa'),(38,'doornbos','','DOO','Robert','Doornbos','1981-09-23','Dutch','http://en.wikipedia.org/wiki/Robert_Doornbos'),(39,'karthikeyan','','KAR','Narain','Karthikeyan','1977-01-14','Indian','http://en.wikipedia.org/wiki/Narain_Karthikeyan'),(40,'friesacher','','FRI','Patrick','Friesacher','1980-09-26','Austrian','http://en.wikipedia.org/wiki/Patrick_Friesacher'),(41,'zonta','','ZON','Ricardo','Zonta','1976-03-23','Brazilian','http://en.wikipedia.org/wiki/Ricardo_Zonta'),(42,'pizzonia','','PIZ','Antonio','Pizzonia','1980-09-11','Brazilian','http://en.wikipedia.org/wiki/Antonio_Pizzonia'),(43,'matta','','','Cristiano','da Matta','1973-09-19','Brazilian','http://en.wikipedia.org/wiki/Cristiano_da_Matta'),(44,'panis','','','Olivier','Panis','1966-09-02','French','http://en.wikipedia.org/wiki/Olivier_Panis'),(45,'pantano','','','Giorgio','Pantano','1979-02-04','Italian','http://en.wikipedia.org/wiki/Giorgio_Pantano'),(46,'bruni','','','Gianmaria','Bruni','1981-05-30','Italian','http://en.wikipedia.org/wiki/Gianmaria_Bruni'),(47,'baumgartner','','','Zsolt','Baumgartner','1981-01-01','Hungarian','http://en.wikipedia.org/wiki/Zsolt_Baumgartner'),(48,'gene','','','Marc','Gene','1974-03-29','Spanish','http://en.wikipedia.org/wiki/Marc_Gene'),(49,'frentzen','','','Heinz-Harald','Frentzen','1967-05-18','German','http://en.wikipedia.org/wiki/Heinz-Harald_Frentzen'),(50,'verstappen','','','Jos','Verstappen','1972-03-04','Dutch','http://en.wikipedia.org/wiki/Jos_Verstappen'),(51,'wilson','','','Justin','Wilson','1978-07-31','British','http://en.wikipedia.org/wiki/Justin_Wilson_(racing_driver)'),(52,'firman','','','Ralph','Firman','1975-05-20','Irish','http://en.wikipedia.org/wiki/Ralph_Firman'),(53,'kiesa','','','Nicolas','Kiesa','1978-03-03','Danish','http://en.wikipedia.org/wiki/Nicolas_Kiesa'),(54,'burti','','','Luciano','Burti','1975-03-05','Brazilian','http://en.wikipedia.org/wiki/Luciano_Burti'),(55,'alesi','','','Jean','Alesi','1964-06-11','French','http://en.wikipedia.org/wiki/Jean_Alesi'),(56,'irvine','','','Eddie','Irvine','1965-11-10','British','http://en.wikipedia.org/wiki/Eddie_Irvine'),(57,'hakkinen','','','Mika','Hakkinen','1968-09-28','Finnish','http://en.wikipedia.org/wiki/Mika_Hakkinen'),(58,'marques','','','Tarso','Marques','1976-01-19','Brazilian','http://en.wikipedia.org/wiki/Tarso_Marques'),(59,'bernoldi','','','Enrique','Bernoldi','1978-10-19','Brazilian','http://en.wikipedia.org/wiki/Enrique_Bernoldi'),(60,'mazzacane','','','Gaston','Mazzacane','1975-05-08','Argentine','http://en.wikipedia.org/wiki/Gaston_Mazzacane'),(61,'enge','','','Tomas','Enge','1976-09-11','Czech','http://en.wikipedia.org/wiki/Tomas_Enge'),(62,'yoong','','','Alex','Yoong','1976-07-20','Malaysian','http://en.wikipedia.org/wiki/Alex_Yoong'),(63,'salo','','','Mika','Salo','1966-11-30','Finnish','http://en.wikipedia.org/wiki/Mika_Salo'),(64,'diniz','','','Pedro','Diniz','1970-05-22','Brazilian','http://en.wikipedia.org/wiki/Pedro_Diniz'),(65,'herbert','','','Johnny','Herbert','1964-06-25','British','http://en.wikipedia.org/wiki/Johnny_Herbert'),(66,'mcnish','','','Allan','McNish','1969-12-29','British','http://en.wikipedia.org/wiki/Allan_McNish'),(67,'buemi','','BUE','Sebastien','Buemi','1988-10-31','Swiss','http://en.wikipedia.org/wiki/Sebastien_Buemi'),(68,'takagi','','','Toranosuke','Takagi','1974-02-12','Japanese','http://en.wikipedia.org/wiki/Toranosuke_Takagi'),(69,'badoer','','BAD','Luca','Badoer','1971-01-25','Italian','http://en.wikipedia.org/wiki/Luca_Badoer'),(70,'zanardi','','','Alessandro','Zanardi','1966-10-23','Italian','http://en.wikipedia.org/wiki/Alex_Zanardi'),(71,'damon_hill','','','Damon','Hill','1960-09-17','British','http://en.wikipedia.org/wiki/Damon_Hill'),(72,'sarrazin','','','Stephane','Sarrazin','1975-11-02','French','http://en.wikipedia.org/wiki/Stephane_Sarrazin'),(73,'rosset','','','Ricardo','Rosset','1968-07-27','Brazilian','http://en.wikipedia.org/wiki/Ricardo_Rosset'),(74,'tuero','','','Esteban','Tuero','1978-04-22','Argentine','http://en.wikipedia.org/wiki/Esteban_Tuero'),(75,'nakano','','','Shinji','Nakano','1971-04-01','Japanese','http://en.wikipedia.org/wiki/Shinji_Nakano'),(76,'magnussen','','MAG','Jan','Magnussen','1973-07-04','Danish','http://en.wikipedia.org/wiki/Jan_Magnussen'),(77,'berger','','','Gerhard','Berger','1959-08-27','Austrian','http://en.wikipedia.org/wiki/Gerhard_Berger'),(78,'larini','','','Nicola','Larini','1964-03-19','Italian','http://en.wikipedia.org/wiki/Nicola_Larini'),(79,'katayama','','','Ukyo','Katayama','1963-05-29','Japanese','http://en.wikipedia.org/wiki/Ukyo_Katayama'),(80,'sospiri','','','Vincenzo','Sospiri','1966-10-07','Italian','http://en.wikipedia.org/wiki/Vincenzo_Sospiri'),(81,'morbidelli','','','Gianni','Morbidelli','1968-01-13','Italian','http://en.wikipedia.org/wiki/Gianni_Morbidelli'),(82,'fontana','','','Norberto','Fontana','1975-01-20','Argentine','http://en.wikipedia.org/wiki/Norberto_Fontana'),(83,'lamy','','','Pedro','Lamy','1972-03-20','Portuguese','http://en.wikipedia.org/wiki/Pedro_Lamy'),(84,'brundle','','','Martin','Brundle','1959-06-01','British','http://en.wikipedia.org/wiki/Martin_Brundle'),(85,'montermini','','','Andrea','Montermini','1964-05-30','Italian','http://en.wikipedia.org/wiki/Andrea_Montermini'),(86,'lavaggi','','','Giovanni','Lavaggi','1958-02-18','Italian','http://en.wikipedia.org/wiki/Giovanni_Lavaggi'),(87,'blundell','','','Mark','Blundell','1966-04-08','British','http://en.wikipedia.org/wiki/Mark_Blundell'),(88,'suzuki','','','Aguri','Suzuki','1960-09-08','Japanese','http://en.wikipedia.org/wiki/Aguri_Suzuki'),(89,'inoue','','','Taki','Inoue','1963-09-05','Japanese','http://en.wikipedia.org/wiki/Taki_Inoue'),(90,'moreno','','','Roberto','Moreno','1959-02-11','Brazilian','http://en.wikipedia.org/wiki/Roberto_Moreno'),(91,'wendlinger','','','Karl','Wendlinger','1968-12-20','Austrian','http://en.wikipedia.org/wiki/Karl_Wendlinger'),(92,'gachot','','','Bertrand','Gachot','1962-12-23','Belgian','http://en.wikipedia.org/wiki/Bertrand_Gachot'),(93,'schiattarella','','','Domenico','Schiattarella','1967-11-17','Italian','http://en.wikipedia.org/wiki/Domenico_Schiattarella'),(94,'martini','','','Pierluigi','Martini','1961-04-23','Italian','http://en.wikipedia.org/wiki/Pierluigi_Martini'),(95,'mansell','','','Nigel','Mansell','1953-08-08','British','http://en.wikipedia.org/wiki/Nigel_Mansell'),(96,'boullion','','','Jean-Christophe','Boullion','1969-12-27','French','http://en.wikipedia.org/wiki/Jean-Christophe_Boullion'),(97,'papis','','','Massimiliano','Papis','1969-10-03','Italian','http://en.wikipedia.org/wiki/Massimiliano_Papis'),(98,'deletraz','','','Jean-Denis','Deletraz','1963-10-01','Swiss','http://en.wikipedia.org/wiki/Jean-Denis_Deletraz'),(99,'tarquini','','','Gabriele','Tarquini','1962-03-02','Italian','http://en.wikipedia.org/wiki/Gabriele_Tarquini'),(100,'comas','','','Erik','Comas','1963-09-28','French','http://en.wikipedia.org/wiki/Erik_Comas'),(101,'brabham','','','David','Brabham','1965-09-05','Australian','http://en.wikipedia.org/wiki/David_Brabham'),(102,'senna','','','Ayrton','Senna','1960-03-21','Brazilian','http://en.wikipedia.org/wiki/Ayrton_Senna'),(103,'bernard','','','Eric','Bernard','1964-08-24','French','http://en.wikipedia.org/wiki/Eric_Bernard'),(104,'fittipaldi','','','Christian','Fittipaldi','1971-01-18','Brazilian','http://en.wikipedia.org/wiki/Christian_Fittipaldi'),(105,'alboreto','','','Michele','Alboreto','1956-12-23','Italian','http://en.wikipedia.org/wiki/Michele_Alboreto'),(106,'beretta','','','Olivier','Beretta','1969-11-23','Monegasque','http://en.wikipedia.org/wiki/Olivier_Beretta'),(107,'ratzenberger','','','Roland','Ratzenberger','1960-07-04','Austrian','http://en.wikipedia.org/wiki/Roland_Ratzenberger'),(108,'belmondo','','','Paul','Belmondo','1963-04-23','French','http://en.wikipedia.org/wiki/Paul_Belmondo'),(109,'lehto','','','Jyrki','Jarvilehto','1966-01-31','Finnish','http://en.wikipedia.org/wiki/Jyrki_Jarvilehto'),(110,'cesaris','','','Andrea','de Cesaris','1959-05-31','Italian','http://en.wikipedia.org/wiki/Andrea_de_Cesaris'),(111,'gounon','','','Jean-Marc','Gounon','1963-01-01','French','http://en.wikipedia.org/wiki/Jean-Marc_Gounon'),(112,'alliot','','','Philippe','Alliot','1954-07-27','French','http://en.wikipedia.org/wiki/Philippe_Alliot'),(113,'adams','','','Philippe','Adams','1969-11-19','Belgian','http://en.wikipedia.org/wiki/Philippe_Adams'),(114,'dalmas','','','Yannick','Dalmas','1961-07-28','French','http://en.wikipedia.org/wiki/Yannick_Dalmas'),(115,'noda','','','Hideki','Noda','1969-03-07','Japanese','http://en.wikipedia.org/wiki/Hideki_Noda'),(116,'lagorce','','','Franck','Lagorce','1968-09-01','French','http://en.wikipedia.org/wiki/Franck_Lagorce'),(117,'prost','','','Alain','Prost','1955-02-24','French','http://en.wikipedia.org/wiki/Alain_Prost'),(118,'warwick','','','Derek','Warwick','1954-08-27','British','http://en.wikipedia.org/wiki/Derek_Warwick'),(119,'patrese','','','Riccardo','Patrese','1954-04-17','Italian','http://en.wikipedia.org/wiki/Riccardo_Patrese'),(120,'barbazza','','','Fabrizio','Barbazza','1963-04-02','Italian','http://en.wikipedia.org/wiki/Fabrizio_Barbazza'),(121,'andretti','','','Michael','Andretti','1962-10-05','American','http://en.wikipedia.org/wiki/Michael_Andretti'),(122,'capelli','','','Ivan','Capelli','1963-05-24','Italian','http://en.wikipedia.org/wiki/Ivan_Capelli'),(123,'boutsen','','','Thierry','Boutsen','1957-07-13','Belgian','http://en.wikipedia.org/wiki/Thierry_Boutsen'),(124,'apicella','','','Marco','Apicella','1965-10-07','Italian','http://en.wikipedia.org/wiki/Marco_Apicella'),(125,'naspetti','','','Emanuele','Naspetti','1968-02-24','Italian','http://en.wikipedia.org/wiki/Emanuele_Naspetti'),(126,'toshio_suzuki','','','Toshio','Suzuki','1955-03-10','Japanese','http://en.wikipedia.org/wiki/Toshio_Suzuki_(driver)'),(127,'gugelmin','','','Mauricio','Gugelmin','1963-04-20','Brazilian','http://en.wikipedia.org/wiki/Mauricio_Gugelmin'),(128,'poele','','','Eric','van de Poele','1961-09-30','Belgian','http://en.wikipedia.org/wiki/Eric_van_de_Poele'),(129,'grouillard','','','Olivier','Grouillard','1958-09-02','French','http://en.wikipedia.org/wiki/Olivier_Grouillard'),(130,'chiesa','','','Andrea','Chiesa','1964-05-06','Swiss','http://en.wikipedia.org/wiki/Andrea_Chiesa'),(131,'modena','','','Stefano','Modena','1963-05-12','Italian','http://en.wikipedia.org/wiki/Stefano_Modena'),(132,'amati','','','Giovanna','Amati','1959-07-20','Italian','http://en.wikipedia.org/wiki/Giovanna_Amati'),(133,'caffi','','','Alex','Caffi','1964-03-18','Italian','http://en.wikipedia.org/wiki/Alex_Caffi'),(134,'bertaggia','','','Enrico','Bertaggia','1964-09-19','Italian','http://en.wikipedia.org/wiki/Enrico_Bertaggia'),(135,'mccarthy','','','Perry','McCarthy','1961-03-03','British','http://en.wikipedia.org/wiki/Perry_McCarthy'),(136,'lammers','','','Jan','Lammers','1956-06-02','Dutch','http://en.wikipedia.org/wiki/Jan_Lammers'),(137,'piquet','','','Nelson','Piquet','1952-08-17','Brazilian','http://en.wikipedia.org/wiki/Nelson_Piquet'),(138,'satoru_nakajima','','','Satoru','Nakajima','1953-02-23','Japanese','http://en.wikipedia.org/wiki/Satoru_Nakajima'),(139,'pirro','','','Emanuele','Pirro','1962-01-12','Italian','http://en.wikipedia.org/wiki/Emanuele_Pirro'),(140,'johansson','','','Stefan','Johansson','1956-09-08','Swedish','http://en.wikipedia.org/wiki/Stefan_Johansson'),(141,'bailey','','','Julian','Bailey','1961-10-09','British','http://en.wikipedia.org/wiki/Julian_Bailey'),(142,'chaves','','','Pedro','Chaves','1965-02-27','Portuguese','http://en.wikipedia.org/wiki/Pedro_Chaves'),(143,'bartels','','','Michael','Bartels','1968-03-08','German','http://en.wikipedia.org/wiki/Michael_Bartels'),(144,'hattori','','','Naoki','Hattori','1966-06-13','Japanese','http://en.wikipedia.org/wiki/Naoki_Hattori'),(145,'nannini','','','Alessandro','Nannini','1959-07-07','Italian','http://en.wikipedia.org/wiki/Alessandro_Nannini'),(146,'schneider','','','Bernd','Schneider','1964-07-20','German','http://en.wikipedia.org/wiki/Bernd_Schneider_(racecar_driver)'),(147,'barilla','','','Paolo','Barilla','1961-04-20','Italian','http://en.wikipedia.org/wiki/Paolo_Barilla'),(148,'foitek','','','Gregor','Foitek','1965-03-27','Swiss','http://en.wikipedia.org/wiki/Gregor_Foitek'),(149,'langes','','','Claudio','Langes','1960-07-20','Italian','http://en.wikipedia.org/wiki/Claudio_Langes'),(150,'gary_brabham','','','Gary','Brabham','1961-03-29','Australian','http://en.wikipedia.org/wiki/Gary_Brabham'),(151,'donnelly','','','Martin','Donnelly','1964-03-26','British','http://en.wikipedia.org/wiki/Martin_Donnelly_(racing_driver)'),(152,'giacomelli','','','Bruno','Giacomelli','1952-09-10','Italian','http://en.wikipedia.org/wiki/Bruno_Giacomelli'),(153,'alguersuari','','ALG','Jaime','Alguersuari','1990-03-23','Spanish','http://en.wikipedia.org/wiki/Jaime_Alguersuari'),(154,'grosjean','8','GRO','Romain','Grosjean','1986-04-17','French','http://en.wikipedia.org/wiki/Romain_Grosjean'),(155,'kobayashi','10','KOB','Kamui','Kobayashi','1986-09-13','Japanese','http://en.wikipedia.org/wiki/Kamui_Kobayashi'),(156,'palmer','','','Jonathan','Palmer','1956-11-07','British','http://en.wikipedia.org/wiki/Jonathan_Palmer'),(157,'danner','','','Christian','Danner','1958-04-04','German','http://en.wikipedia.org/wiki/Christian_Danner'),(158,'cheever','','','Eddie','Cheever','1958-01-10','American','http://en.wikipedia.org/wiki/Eddie_Cheever'),(159,'sala','','','Luis','Perez-Sala','1959-05-15','Spanish','http://en.wikipedia.org/wiki/Luis_Perez-Sala'),(160,'ghinzani','','','Piercarlo','Ghinzani','1952-01-16','Italian','http://en.wikipedia.org/wiki/Piercarlo_Ghinzani'),(161,'weidler','','','Volker','Weidler','1962-03-18','German','http://en.wikipedia.org/wiki/Volker_Weidler'),(162,'raphanel','','','Pierre-Henri','Raphanel','1961-05-27','French','http://en.wikipedia.org/wiki/Pierre-Henri_Raphanel'),(163,'arnoux','','','Rene','Arnoux','1948-07-04','French','http://en.wikipedia.org/wiki/Rene_Arnoux'),(164,'joachim_winkelhock','','','Joachim','Winkelhock','1960-10-24','German','http://en.wikipedia.org/wiki/Joachim_Winkelhock'),(165,'larrauri','','','Oscar','Larrauri','1954-08-19','Argentine','http://en.wikipedia.org/wiki/Oscar_Larrauri'),(166,'streiff','','','Philippe','Streiff','1955-06-26','French','http://en.wikipedia.org/wiki/Philippe_Streiff'),(167,'campos','','','Adrian','Campos','1960-06-17','Spanish','http://en.wikipedia.org/wiki/Adrian_Campos'),(168,'schlesser','','','Jean-Louis','Schlesser','1948-09-12','French','http://en.wikipedia.org/wiki/Jean-Louis_Schlesser'),(169,'fabre','','','Pascal','Fabre','1960-01-09','French','http://en.wikipedia.org/wiki/Pascal_Fabre'),(170,'fabi','','','Teo','Fabi','1955-03-09','Italian','http://en.wikipedia.org/wiki/Teo_Fabi'),(171,'forini','','','Franco','Forini','1958-09-22','Swiss','http://en.wikipedia.org/wiki/Franco_Forini'),(172,'laffite','','','Jacques','Laffite','1943-11-21','French','http://en.wikipedia.org/wiki/Jacques_Laffite'),(173,'angelis','','','Elio','de Angelis','1958-03-26','Italian','http://en.wikipedia.org/wiki/Elio_de_Angelis'),(174,'dumfries','','','Johnny','Dumfries','1958-04-26','British','http://en.wikipedia.org/wiki/Johnny_Dumfries'),(175,'tambay','','','Patrick','Tambay','1949-06-25','French','http://en.wikipedia.org/wiki/Patrick_Tambay'),(176,'surer','','','Marc','Surer','1951-09-18','Swiss','http://en.wikipedia.org/wiki/Marc_Surer'),(177,'keke_rosberg','','','Keke','Rosberg','1948-12-06','Finnish','http://en.wikipedia.org/wiki/Keke_Rosberg'),(178,'jones','','','Alan','Jones','1946-11-02','Australian','http://en.wikipedia.org/wiki/Alan_Jones_(Formula_1)'),(179,'rothengatter','','','Huub','Rothengatter','1954-10-08','Dutch','http://en.wikipedia.org/wiki/Huub_Rothengatter'),(180,'berg','','','Allen','Berg','1961-08-01','Canadian','http://en.wikipedia.org/wiki/Allen_Berg'),(181,'manfred_winkelhock','','','Manfred','Winkelhock','1951-10-06','German','http://en.wikipedia.org/wiki/Manfred_Winkelhock'),(182,'lauda','','','Niki','Lauda','1949-02-22','Austrian','http://en.wikipedia.org/wiki/Niki_Lauda'),(183,'hesnault','','','Francois','Hesnault','1956-12-30','French','http://en.wikipedia.org/wiki/Francois_Hesnault'),(184,'baldi','','','Mauro','Baldi','1954-01-31','Italian','http://en.wikipedia.org/wiki/Mauro_Baldi'),(185,'bellof','','','Stefan','Bellof','1957-11-20','German','http://en.wikipedia.org/wiki/Stefan_Bellof'),(186,'acheson','','','Kenny','Acheson','1957-11-27','British','http://en.wikipedia.org/wiki/Kenny_Acheson'),(187,'watson','','','John','Watson','1946-05-04','British','http://en.wikipedia.org/wiki/John_Watson_(racing_driver)'),(188,'cecotto','','','Johnny','Cecotto','1956-01-25','Venezuelan','http://en.wikipedia.org/wiki/Johnny_Cecotto'),(189,'gartner','','','Jo','Gartner','1954-01-24','Austrian','http://en.wikipedia.org/wiki/Jo_Gartner'),(190,'corrado_fabi','','','Corrado','Fabi','1961-04-12','Italian','http://en.wikipedia.org/wiki/Corrado_Fabi)'),(191,'thackwell','','','Mike','Thackwell','1961-03-30','New Zealander','http://en.wikipedia.org/wiki/Mike_Thackwell'),(192,'serra','','','Chico','Serra','1957-02-03','Brazilian','http://en.wikipedia.org/wiki/Chico_Serra'),(193,'sullivan','','','Danny','Sullivan','1950-03-09','American','http://en.wikipedia.org/wiki/Danny_Sullivan'),(194,'salazar','','','Eliseo','Salazar','1954-11-14','Chilean','http://en.wikipedia.org/wiki/Eliseo_Salazar'),(195,'guerrero','','','Roberto','Guerrero','1958-11-16','Colombian','http://en.wikipedia.org/wiki/Roberto_Guerrero'),(196,'boesel','','','Raul','Boesel','1957-12-04','Brazilian','http://en.wikipedia.org/wiki/Raul_Boesel'),(197,'jarier','','','Jean-Pierre','Jarier','1946-07-10','French','http://en.wikipedia.org/wiki/Jean-Pierre_Jarier'),(198,'villeneuve_sr','','','Jacques','Villeneuve Sr.','1953-11-04','Canadian','http://en.wikipedia.org/wiki/Jacques_Villeneuve_(elder'),(199,'reutemann','','','Carlos','Reutemann','1942-04-12','Argentine','http://en.wikipedia.org/wiki/Carlos_Reutemann'),(200,'mass','','','Jochen','Mass','1946-09-30','German','http://en.wikipedia.org/wiki/Jochen_Mass'),(201,'borgudd','','','Slim','Borgudd','1946-11-25','Swedish','http://en.wikipedia.org/wiki/Slim_Borgudd'),(202,'pironi','','','Didier','Pironi','1952-03-26','French','http://en.wikipedia.org/wiki/Didier_Pironi'),(203,'gilles_villeneuve','','','Gilles','Villeneuve','1950-01-18','Canadian','http://en.wikipedia.org/wiki/Gilles_Villeneuve'),(204,'paletti','','','Riccardo','Paletti','1958-06-15','Italian','http://en.wikipedia.org/wiki/Riccardo_Paletti'),(205,'henton','','','Brian','Henton','1946-09-19','British','http://en.wikipedia.org/wiki/Brian_Henton'),(206,'daly','','','Derek','Daly','1953-03-11','Irish','http://en.wikipedia.org/wiki/Derek_Daly'),(207,'mario_andretti','','','Mario','Andretti','1940-02-28','American','http://en.wikipedia.org/wiki/Mario_Andretti'),(208,'villota','','','Emilio','de Villota','1946-07-26','Spanish','http://en.wikipedia.org/wiki/Emilio_de_Villota'),(209,'lees','','','Geoff','Lees','1951-05-01','British','http://en.wikipedia.org/wiki/Geoff_Lees'),(210,'byrne','','','Tommy','Byrne','1958-05-06','Irish','http://en.wikipedia.org/wiki/Tommy_Byrne_(racing_driver'),(211,'keegan','','','Rupert','Keegan','1955-02-26','British','http://en.wikipedia.org/wiki/Rupert_Keegan'),(212,'rebaque','','','Hector','Rebaque','1956-02-05','Mexican','http://en.wikipedia.org/wiki/Hector_Rebaque'),(213,'gabbiani','','','Beppe','Gabbiani','1957-01-02','Italian','http://en.wikipedia.org/wiki/Beppe_Gabbiani'),(214,'cogan','','','Kevin','Cogan','1956-03-31','American','http://en.wikipedia.org/wiki/Kevin_Cogan'),(216,'stohr','','','Siegfried','Stohr','1952-10-10','Italian','http://en.wikipedia.org/wiki/Siegfried_Stohr'),(217,'zunino','','','Ricardo','Zunino','1949-04-13','Argentine','http://en.wikipedia.org/wiki/Ricardo_Zunino'),(218,'londono','','','Ricardo','Londono','1949-08-08','Colombian','http://en.wikipedia.org/wiki/Ricardo_Londono'),(219,'jabouille','','','Jean-Pierre','Jabouille','1942-10-01','French','http://en.wikipedia.org/wiki/Jean-Pierre_Jabouille'),(220,'francia','','','Giorgio','Francia','1947-11-08','Italian','http://en.wikipedia.org/wiki/Giorgio_Francia'),(221,'depailler','','','Patrick','Depailler','1944-08-09','French','http://en.wikipedia.org/wiki/Patrick_Depailler'),(222,'scheckter','','','Jody','Scheckter','1950-01-29','South African','http://en.wikipedia.org/wiki/Jody_Scheckter'),(223,'regazzoni','','','Clay','Regazzoni','1939-09-05','Swiss','http://en.wikipedia.org/wiki/Clay_Regazzoni'),(224,'emerson_fittipaldi','','','Emerson','Fittipaldi','1946-12-12','Brazilian','http://en.wikipedia.org/wiki/Emerson_Fittipaldi'),(225,'kennedy','','','Dave','Kennedy','1953-01-15','Irish','http://en.wikipedia.org/wiki/David_Kennedy_(racing_driver'),(226,'south','','','Stephen','South','1952-02-19','British','http://en.wikipedia.org/wiki/Stephen_South'),(227,'needell','','','Tiff','Needell','1951-10-29','British','http://en.wikipedia.org/wiki/Tiff_Needell'),(228,'desire_wilson','','','Desire','Wilson','1953-11-26','South African','http://en.wikipedia.org/wiki/Desire_Wilson'),(229,'ertl','','','Harald','Ertl','1948-08-31','Austrian','http://en.wikipedia.org/wiki/Harald_Ertl'),(230,'brambilla','','','Vittorio','Brambilla','1937-11-11','Italian','http://en.wikipedia.org/wiki/Vittorio_Brambilla'),(231,'hunt','','','James','Hunt','1947-08-29','British','http://en.wikipedia.org/wiki/James_Hunt'),(232,'merzario','','','Arturo','Merzario','1943-03-11','Italian','http://en.wikipedia.org/wiki/Arturo_Merzario'),(233,'stuck','','','Hans-Joachim','Stuck','1951-01-01','German','http://en.wikipedia.org/wiki/Hans-Joachim_Stuck'),(234,'brancatelli','','','Gianfranco','Brancatelli','1950-01-18','Italian','http://en.wikipedia.org/wiki/Gianfranco_Brancatelli'),(235,'ickx','','','Jacky','Ickx','1945-01-01','Belgian','http://en.wikipedia.org/wiki/Jacky_Ickx'),(236,'gaillard','','','Patrick','Gaillard','1952-02-12','French','http://en.wikipedia.org/wiki/Patrick_Gaillard'),(237,'ribeiro','','','Alex','Ribeiro','1948-11-07','Brazilian','http://en.wikipedia.org/wiki/Alex_Ribeiro'),(238,'peterson','','','Ronnie','Peterson','1944-02-14','Swedish','http://en.wikipedia.org/wiki/Ronnie_Peterson'),(239,'lunger','','','Brett','Lunger','1945-11-14','American','http://en.wikipedia.org/wiki/Brett_Lunger'),(240,'ongais','','','Danny','Ongais','1942-05-21','American','http://en.wikipedia.org/wiki/Danny_Ongais'),(241,'leoni','','','Lamberto','Leoni','1953-05-24','Italian','http://en.wikipedia.org/wiki/Lamberto_Leoni'),(242,'galica','','','Divina','Galica','1944-08-13','British','http://en.wikipedia.org/wiki/Divina_Galica'),(243,'stommelen','','','Rolf','Stommelen','1943-07-11','German','http://en.wikipedia.org/wiki/Rolf_Stommelen'),(244,'colombo','','','Alberto','Colombo','1946-02-23','Italian','http://en.wikipedia.org/wiki/Alberto_Colombo'),(245,'trimmer','','','Tony','Trimmer','1943-01-24','British','http://en.wikipedia.org/wiki/Tony_Trimmer'),(246,'binder','','','Hans','Binder','1948-06-12','Austrian','http://en.wikipedia.org/wiki/Hans_Binder'),(247,'bleekemolen','','','Michael','Bleekemolen','1949-10-02','Dutch','http://en.wikipedia.org/wiki/Michael_Bleekemolen'),(248,'gimax','','','Carlo','Franchi','1938-01-01','Italian','http://en.wikipedia.org/wiki/Gimax'),(249,'rahal','','','Bobby','Rahal','1953-01-10','American','http://en.wikipedia.org/wiki/Bobby_Rahal'),(250,'pace','','','Carlos','Pace','1944-10-06','Brazilian','http://en.wikipedia.org/wiki/Carlos_Pace'),(251,'ian_scheckter','','','Ian','Scheckter','1947-08-22','South African','http://en.wikipedia.org/wiki/Ian_Scheckter'),(252,'pryce','','','Tom','Pryce','1949-06-11','British','http://en.wikipedia.org/wiki/Tom_Pryce'),(253,'hoffmann','','','Ingo','Hoffmann','1953-02-28','Brazilian','http://en.wikipedia.org/wiki/Ingo_Hoffmann'),(254,'zorzi','','','Renzo','Zorzi','1946-12-12','Italian','http://en.wikipedia.org/wiki/Renzo_Zorzi'),(255,'nilsson','','','Gunnar','Nilsson','1948-11-20','Swedish','http://en.wikipedia.org/wiki/Gunnar_Nilsson'),(256,'perkins','','','Larry','Perkins','1950-03-18','Australian','http://en.wikipedia.org/wiki/Larry_Perkins'),(257,'hayje','','','Boy','Hayje','1949-05-03','Dutch','http://en.wikipedia.org/wiki/Boy_Hayje'),(258,'neve','','','Patrick','Nive','1949-10-13','Belgian','http://en.wikipedia.org/wiki/Patrick_Neve'),(259,'purley','','','David','Purley','1945-01-26','British','http://en.wikipedia.org/wiki/David_Purley'),(260,'andersson','','','Conny','Andersson','1939-12-28','Swedish','http://en.wikipedia.org/wiki/Conny_Andersson_(racing_driver'),(261,'dryver','','','Bernard','de Dryver','1952-09-19','Belgian','http://en.wikipedia.org/wiki/Bernard_de_Dryver'),(262,'oliver','','','Jackie','Oliver','1942-08-14','British','http://en.wikipedia.org/wiki/Jackie_Oliver'),(263,'kozarowitzky','','','Mikko','Kozarowitzky','1948-05-17','Finnish','http://en.wikipedia.org/wiki/Mikko_Kozarowitzky'),(264,'sutcliffe','','','Andy','Sutcliffe','1947-05-09','British','http://en.wikipedia.org/wiki/Andy_Sutcliffe'),(265,'edwards','','','Guy','Edwards','1942-12-30','British','http://en.wikipedia.org/wiki/Guy_Edwards'),(266,'mcguire','','','Brian','McGuire','1945-12-13','Australian','http://en.wikipedia.org/wiki/Brian_McGuire'),(267,'schuppan','','','Vern','Schuppan','1943-03-19','Australian','http://en.wikipedia.org/wiki/Vern_Schuppan'),(268,'heyer','','','Hans','Heyer','1943-03-16','German','http://en.wikipedia.org/wiki/Hans_Heyer'),(269,'pilette','','','Teddy','Pilette','1942-07-26','Belgian','http://en.wikipedia.org/wiki/Teddy_Pilette'),(270,'ashley','','','Ian','Ashley','1947-10-26','British','http://en.wikipedia.org/wiki/Ian_Ashley'),(271,'kessel','','','Loris','Kessel','1950-04-01','Swiss','http://en.wikipedia.org/wiki/Loris_Kessel'),(272,'takahashi','','','Kunimitsu','Takahashi','1940-01-29','Japanese','http://en.wikipedia.org/wiki/Kunimitsu_Takahashi'),(273,'hoshino','','','Kazuyoshi','Hoshino','1947-07-01','Japanese','http://en.wikipedia.org/wiki/Kazuyoshi_Hoshino'),(274,'takahara','','','Noritake','Takahara','1951-06-06','Japanese','http://en.wikipedia.org/wiki/Noritake_Takahara'),(275,'lombardi','','','Lella','Lombardi','1941-03-26','Italian','http://en.wikipedia.org/wiki/Lella_Lombardi'),(276,'evans','','','Bob','Evans','1947-06-11','British','http://en.wikipedia.org/wiki/Bob_Evans_(race_driver'),(277,'leclere','','','Michel','Leclere','1946-03-18','French','http://en.wikipedia.org/wiki/Michel_Leclere'),(278,'amon','','','Chris','Amon','1943-07-20','New Zealander','http://en.wikipedia.org/wiki/Chris_Amon'),(279,'zapico','','','Emilio','Zapico','1944-05-27','Spanish','http://en.wikipedia.org/wiki/Emilio_Zapico'),(280,'pescarolo','','','Henri','Pescarolo','1942-09-25','French','http://en.wikipedia.org/wiki/Henri_Pescarolo'),(281,'nelleman','','','Jac','Nelleman','1944-04-19','Danish','http://en.wikipedia.org/wiki/Jac_Nelleman'),(282,'magee','','','Damien','Magee','1945-11-17','British','http://en.wikipedia.org/wiki/Damien_Magee'),(283,'wilds','','','Mike','Wilds','1946-01-07','British','http://en.wikipedia.org/wiki/Mike_Wilds'),(284,'pesenti_rossi','','','Alessandro','Pesenti-Rossi','1942-08-31','Italian','http://en.wikipedia.org/wiki/Alessandro_Pesenti-Rossi'),(285,'stuppacher','','','Otto','Stuppacher','1947-03-03','Austrian','http://en.wikipedia.org/wiki/Otto_Stuppacher'),(286,'brown','','','Warwick','Brown','1949-12-24','Australian','http://en.wikipedia.org/wiki/Warwick_Brown'),(287,'hasemi','','','Masahiro','Hasemi','1945-11-13','Japanese','http://en.wikipedia.org/wiki/Masahiro_Hasemi'),(288,'donohue','','','Mark','Donohue','1937-03-18','American','http://en.wikipedia.org/wiki/Mark_Donohue'),(289,'hill','','','Graham','Hill','1929-02-15','British','http://en.wikipedia.org/wiki/Graham_Hill'),(290,'wilson_fittipaldi','','','Wilson','Fittipaldi','1943-12-25','Brazilian','http://en.wikipedia.org/wiki/Wilson_Fittipaldi'),(291,'tunmer','','','Guy','Tunmer','1948-12-01','South African','http://en.wikipedia.org/wiki/Guy_Tunmer'),(292,'keizan','','','Eddie','Keizan','1944-09-12','South African','http://en.wikipedia.org/wiki/Eddie_Keizan'),(293,'charlton','','','Dave','Charlton','1936-10-27','South African','http://en.wikipedia.org/wiki/Dave_Charlton'),(294,'brise','','','Tony','Brise','1952-03-28','British','http://en.wikipedia.org/wiki/Tony_Brise'),(295,'wunderink','','','Roelof','Wunderink','1948-12-12','Dutch','http://en.wikipedia.org/wiki/Roelof_Wunderink'),(296,'migault','','','Francois','Migault','1944-12-04','French','http://en.wikipedia.org/wiki/Francois_Migault'),(297,'palm','','','Torsten','Palm','1947-07-23','Swedish','http://en.wikipedia.org/wiki/Torsten_Palm'),(298,'lennep','','','Gijs','van Lennep','1942-03-16','Dutch','http://en.wikipedia.org/wiki/Gijs_Van_Lennep'),(299,'fushida','','','Hiroshi','Fushida','1946-03-10','Japanese','http://en.wikipedia.org/wiki/Hiroshi_Fushida'),(300,'nicholson','','','John','Nicholson','1941-10-06','New Zealander','http://en.wikipedia.org/wiki/John_Nicholson_(racing_driver'),(301,'morgan','','','Dave','Morgan','1944-08-07','British','http://en.wikipedia.org/wiki/Dave_Morgan_(racing_driver'),(302,'crawford','','','Jim','Crawford','1948-02-13','British','http://en.wikipedia.org/wiki/Jim_Crawford_(driver'),(303,'vonlanthen','','','Jo','Vonlanthen','1942-05-31','Swiss','http://en.wikipedia.org/wiki/Jo_Vonlanthen'),(304,'hulme','','','Denny','Hulme','1936-06-18','New Zealander','http://en.wikipedia.org/wiki/Denny_Hulme'),(305,'hailwood','','','Mike','Hailwood','1940-04-02','British','http://en.wikipedia.org/wiki/Mike_Hailwood'),(306,'beltoise','','','Jean-Pierre','Beltoise','1937-04-26','French','http://en.wikipedia.org/wiki/Jean-Pierre_Beltoise'),(307,'ganley','','','Howden','Ganley','1941-12-24','New Zealander','http://en.wikipedia.org/wiki/Howden_Ganley'),(308,'robarts','','','Richard','Robarts','1944-09-22','British','http://en.wikipedia.org/wiki/Richard_Robarts'),(309,'revson','','','Peter','Revson','1939-02-27','American','http://en.wikipedia.org/wiki/Peter_Revson'),(310,'driver','','','Paddy','Driver','1934-05-13','South African','http://en.wikipedia.org/wiki/Paddy_Driver'),(311,'belso','','','Tom','Belsu','1942-08-27','Danish','http://en.wikipedia.org/wiki/Tom_Belsu'),(312,'redman','','','Brian','Redman','1937-03-09','British','http://en.wikipedia.org/wiki/Brian_Redman'),(313,'opel','','','Rikky','von Opel','1947-10-14','Liechtensteiner','http://en.wikipedia.org/wiki/Rikky_von_Opel'),(314,'schenken','','','Tim','Schenken','1943-09-26','Australian','http://en.wikipedia.org/wiki/Tim_Schenken'),(315,'larrousse','','','Gerard','Larrousse','1940-05-23','French','http://en.wikipedia.org/wiki/Gerard_Larrousse'),(316,'kinnunen','','','Leo','Kinnunen','1943-08-05','Finnish','http://en.wikipedia.org/wiki/Leo_Kinnunen'),(317,'wisell','','','Reine','Wisell','1941-09-30','Swedish','http://en.wikipedia.org/wiki/Reine_Wisell'),(318,'roos','','','Bertil','Roos','1943-10-12','Swedish','http://en.wikipedia.org/wiki/Bertil_Roos'),(319,'dolhem','','','Jose','Dolhem','1944-04-26','French','http://en.wikipedia.org/wiki/Jose_Dolhem'),(320,'gethin','','','Peter','Gethin','1940-02-21','British','http://en.wikipedia.org/wiki/Peter_Gethin'),(321,'bell','','','Derek','Bell','1941-10-31','British','http://en.wikipedia.org/wiki/Derek_Bell_(auto_racer'),(322,'hobbs','','','David','Hobbs','1939-06-09','British','http://en.wikipedia.org/wiki/David_Hobbs_(racing_driver'),(323,'quester','','','Dieter','Quester','1939-05-30','Austrian','http://en.wikipedia.org/wiki/Dieter_Quester'),(324,'koinigg','','','Helmuth','Koinigg','1948-11-03','Austrian','http://en.wikipedia.org/wiki/Helmuth_Koinigg'),(325,'facetti','','','Carlo','Facetti','1935-06-26','Italian','http://en.wikipedia.org/wiki/Carlo_Facetti'),(326,'wietzes','','','Eppie','Wietzes','1938-05-28','Canadian','http://en.wikipedia.org/wiki/Eppie_Wietzes'),(327,'cevert','','','Francois','Cevert','1944-02-25','French','http://en.wikipedia.org/wiki/Francois_Cevert'),(328,'stewart','','','Jackie','Stewart','1939-06-11','British','http://en.wikipedia.org/wiki/Jackie_Stewart'),(329,'beuttler','','','Mike','Beuttler','1940-04-13','British','http://en.wikipedia.org/wiki/Mike_Beuttler'),(330,'galli','','','Nanni','Galli','1940-10-02','Italian','http://en.wikipedia.org/wiki/Nanni_Galli'),(331,'bueno','','','Luiz','Bueno','1937-01-16','Brazilian','http://en.wikipedia.org/wiki/Luiz_Bueno'),(332,'follmer','','','George','Follmer','1934-01-27','American','http://en.wikipedia.org/wiki/George_Follmer'),(333,'adamich','','','Andrea','de Adamich','1941-10-03','Italian','http://en.wikipedia.org/wiki/Andrea_de_Adamich'),(334,'pretorius','','','Jackie','Pretorius','1934-11-22','South African','http://en.wikipedia.org/wiki/Jackie_Pretorius'),(335,'williamson','','','Roger','Williamson','1948-02-02','British','http://en.wikipedia.org/wiki/Roger_Williamson'),(336,'mcrae','','','Graham','McRae','1940-03-05','New Zealander','http://en.wikipedia.org/wiki/Graham_McRae'),(337,'marko','','','Helmut','Marko','1943-04-27','Austrian','http://en.wikipedia.org/wiki/Helmut_Marko'),(338,'walker','','','David','Walker','1941-06-10','Australian','http://en.wikipedia.org/wiki/David_Walker_(racing_driver'),(339,'roig','','','Alex','Soler-Roig','1932-10-29','Spanish','http://en.wikipedia.org/wiki/Alex_Soler-Roig'),(340,'love','','','John','Love','1924-12-07','Rhodesian','http://en.wikipedia.org/wiki/John_Love_(racing_driver'),(341,'surtees','','','John','Surtees','1934-02-11','British','http://en.wikipedia.org/wiki/John_Surtees'),(342,'barber','','','Skip','Barber','1936-11-16','American','http://en.wikipedia.org/wiki/Skip_Barber'),(343,'brack','','','Bill','Brack','1935-12-26','Canadian','http://en.wikipedia.org/wiki/Bill_Brack'),(344,'posey','','','Sam','Posey','1944-05-26','American','http://en.wikipedia.org/wiki/Sam_Posey'),(345,'rodriguez','','','Pedro','Rodriguez','1940-01-18','Mexican','http://en.wikipedia.org/wiki/Pedro_Rodriguez_(racing_driver'),(346,'siffert','','','Jo','Siffert','1936-07-07','Swiss','http://en.wikipedia.org/wiki/Jo_Siffert'),(347,'bonnier','','','Jo','Bonnier','1930-01-31','Swedish','http://en.wikipedia.org/wiki/Joakim_Bonnier'),(348,'mazet','','','Francois','Mazet','1943-02-24','French','http://en.wikipedia.org/wiki/Francois_Mazet'),(349,'jean','','','Max','Jean','1943-07-27','French','http://en.wikipedia.org/wiki/Max_Jean'),(350,'elford','','','Vic','Elford','1935-06-10','British','http://en.wikipedia.org/wiki/Vic_Elford'),(351,'moser','','','Silvio','Moser','1941-04-24','Swiss','http://en.wikipedia.org/wiki/Silvio_Moser'),(352,'eaton','','','George','Eaton','1945-11-12','Canadian','http://en.wikipedia.org/wiki/George_Eaton'),(353,'lovely','','','Pete','Lovely','1926-04-11','American','http://en.wikipedia.org/wiki/Pete_Lovely'),(354,'craft','','','Chris','Craft','1939-11-17','British','http://en.wikipedia.org/wiki/Chris_Craft_(racing_driver'),(355,'Cannoc','','','John','Cannon','1933-06-21','Canadian','http://en.wikipedia.org/wiki/John_Cannon_(auto_racer'),(356,'jack_brabham','','','Jack','Brabham','1926-04-02','Australian','http://en.wikipedia.org/wiki/Jack_Brabham'),(357,'miles','','','John','Miles','1943-06-14','British','http://en.wikipedia.org/wiki/John_Miles_(auto_racer'),(358,'rindt','','','Jochen','Rindt','1942-04-18','Austrian','http://en.wikipedia.org/wiki/Jochen_Rindt'),(359,'gavin','','','Johnny','Servoz-Gavin','1942-01-18','French','http://en.wikipedia.org/wiki/Johnny_Servoz-Gavin'),(360,'mclaren','','','Bruce','McLaren','1937-08-30','New Zealander','http://en.wikipedia.org/wiki/Bruce_McLaren'),(361,'courage','','','Piers','Courage','1942-05-27','British','http://en.wikipedia.org/wiki/Piers_Courage'),(362,'klerk','','','Peter','de Klerk','1935-03-16','South African','http://en.wikipedia.org/wiki/Peter_de_Klerk'),(363,'giunti','','','Ignazio','Giunti','1941-08-30','Italian','http://en.wikipedia in/wiki/Ignazio_Giunti'),(364,'gurney','','','Dan','Gurney','1931-04-13','American','http://en.wikipedia.org/wiki/Dan_Gurney'),(365,'hahne','','','Hubert','Hahne','1935-03-28','German','http://en.wikipedia.org/wiki/Hubert_Hahne'),(366,'hutchison','','','Gus','Hutchison','1937-04-26','American','http://en.wikipedia.org/wiki/Gus_Hutchison'),(367,'westbury','','','Peter','Westbury','1938-05-26','British','http://en.wikipedia.org/wiki/Peter_Westbury'),(368,'tingle','','','Sam','Tingle','1921-08-24','Rhodesian','http://en.wikipedia.org/wiki/Sam_Tingle'),(369,'rooyen','','','Basil','van Rooyen','1939-04-19','South African','http://en.wikipedia.org/wiki/Basil_van_Rooyen'),(370,'attwood','','','Richard','Attwood','1940-04-04','British','http://en.wikipedia.org/wiki/Richard_Attwood'),(371,'pease','','','Al','Pease','1921-10-15','Canadian','http://en.wikipedia.org/wiki/Al_Pease'),(372,'cordts','','','John','Cordts','1935-07-23','Canadian','http://en.wikipedia.org/wiki/John_Cordts'),(373,'clark','','','Jim','Clark','1936-03-04','British','http://en.wikipedia.org/wiki/Jim_Clark'),(374,'spence','','','Mike','Spence','1936-12-30','British','http://en.wikipedia.org/wiki/Mike_Spence'),(375,'scarfiotti','','','Ludovico','Scarfiotti','1933-10-18','Italian','http://en.wikipedia.org/wiki/Ludovico_Scarfiotti'),(376,'bianchi','','BIA','Lucien','Bianchi','1934-11-10','Belgian','http://en.wikipedia.org/wiki/Lucien_Bianchi'),(377,'jo_schlesser','','','Jo','Schlesser','1928-05-18','French','http://en.wikipedia.org/wiki/Jo_Schlesser'),(378,'widdows','','','Robin','Widdows','1942-05-27','British','http://en.wikipedia.org/wiki/Robin_Widdows'),(379,'ahrens','','','Kurt','Ahrens','1940-04-19','German','http://en.wikipedia.org/wiki/Kurt_Ahrens'),(380,'gardner','','','Frank','Gardner','1930-10-01','Australian','http://en.wikipedia.org/wiki/Frank_Gardner_(driver'),(381,'unser','','','Bobby','Unser','1934-02-20','American','http://en.wikipedia.org/wiki/Bobby_Unser'),(382,'solana','','','Moises','Solana','1935-12-26','Mexican','https://en.wikipedia.org/wiki/Moises_Solana'),(383,'anderson','','','Bob','Anderson','1931-05-19','British','http://en.wikipedia.org/wiki/Bob_Anderson_(racing_driver'),(384,'botha','','','Luki','Botha','1930-01-16','South African','http://en.wikipedia.org/wiki/Luki_Botha'),(385,'bandini','','','Lorenzo','Bandini','1935-12-21','Italian','http://en.wikipedia.org/wiki/Lorenzo_Bandini'),(386,'ginther','','','Richie','Ginther','1930-08-05','American','http://en.wikipedia.org/wiki/Richie_Ginther'),(387,'parkes','','','Mike','Parkes','1931-09-24','British','http://en.wikipedia.org/wiki/Mike_Parkes'),(388,'irwin','','','Chris','Irwin','1942-06-27','British','http://en.wikipedia.org/wiki/Chris_Irwin'),(389,'ligier','','','Guy','Ligier','1930-07-12','French','http://en.wikipedia.org/wiki/Guy_Ligier'),(390,'rees','','','Alan','Rees','1938-01-12','British','http://en.wikipedia.org/wiki/Alan_Rees_(racing_driver'),(391,'hart','','','Brian','Hart','1936-09-07','British','http://en.wikipedia.org/wiki/Brian_Hart'),(392,'fisher','','','Mike','Fisher','1943-03-13','American','http://en.wikipedia.org/wiki/Mike_Fisher_(driver'),(393,'tom_jones','','','Tom','Jones','1943-04-26','American','http://en.wikipedia.org/wiki/Tom_Jones_(auto_racer'),(394,'baghetti','','','Giancarlo','Baghetti','1934-12-25','Italian','http://en.wikipedia.org/wiki/Giancarlo_Baghetti'),(395,'williams','','','Jonathan','Williams','1942-10-26','British','http://en.wikipedia.org/wiki/Jonathan_Williams_(racing_driver'),(396,'bondurant','','','Bob','Bondurant','1933-04-27','American','http://en.wikipedia.org/wiki/Bob_Bondurant'),(397,'arundell','','','Peter','Arundell','1933-11-08','British','http://en.wikipedia.org/wiki/Peter_Arundell'),(398,'vic_wilson','','','Vic','Wilson','1931-04-14','British','http://en.wikipedia.org/wiki/Vic_Wilson_(motor_racing_driver'),(399,'taylor','','','John','Taylor','1933-03-23','British','http://en.wikipedia.org/wiki/John_Taylor_(racer'),(400,'lawrence','','','Chris','Lawrence','1933-07-27','British','http://en.wikipedia.org/wiki/Chris_Lawrence_(racing_driver'),(401,'trevor_taylor','','','Trevor','Taylor','1936-12-26','British','http://en.wikipedia.org/wiki/Trevor_Taylor'),(402,'geki','','','Giacomo','Russo','1937-10-23','Italian','http://en.wikipedia.org/wiki/Geki_(driver'),(403,'phil_hill','','','Phil','Hill','1927-04-20','American','http://en.wikipedia.org/wiki/Phil_Hill'),(404,'ireland','','','Innes','Ireland','1930-06-12','British','http://en.wikipedia.org/wiki/Innes_Ireland'),(405,'bucknum','','','Ronnie','Bucknum','1936-04-05','American','http://en.wikipedia.org/wiki/Ronnie_Bucknum'),(406,'hawkins','','','Paul','Hawkins','1937-10-12','Australian','http://en.wikipedia.org/wiki/Paul_Hawkins_(racing_driver'),(407,'prophet','','','David','Prophet','1937-10-09','British','http://en.wikipedia.org/wiki/David_Prophet'),(408,'maggs','','','Tony','Maggs','1937-02-09','South African','http://en.wikipedia.org/wiki/Tony_Maggs'),(409,'blokdyk','','','Trevor','Blokdyk','1935-11-30','South African','http://en.wikipedia.org/wiki/Trevor_Blokdyk'),(410,'lederle','','','Neville','Lederle','1938-09-25','South African','http://en.wikipedia.org/wiki/Neville_Lederle'),(411,'serrurier','','','Doug','Serrurier','1920-12-09','South African','http://en.wikipedia.org/wiki/Doug_Serrurier'),(412,'niemann','','','Brausch','Niemann','1939-01-07','South African','http://en.wikipedia.org/wiki/Brausch_Niemann'),(413,'pieterse','','','Ernie','Pieterse','1938-07-04','South African','http://en.wikipedia.org/wiki/Ernie_Pieterse'),(414,'puzey','','','Clive','Puzey','1941-07-11','Rhodesian','http://en.wikipedia.org/wiki/Clive_Puzey'),(416,'clapham','','','David','Clapham','1931-05-18','South African','http://en.wikipedia.org/wiki/David_Clapham'),(417,'blignaut','','','Alex','Blignaut','1932-11-30','South African','http://en.wikipedia.org/wiki/Alex_Blignaut'),(418,'gregory','','','Masten','Gregory','1932-02-29','American','http://en.wikipedia.org/wiki/Masten_Gregory'),(419,'rhodes','','','John','Rhodes','1927-08-18','British','http://en.wikipedia.org/wiki/John_Rhodes_(driver'),(420,'raby','','','Ian','Raby','1921-09-22','British','http://en.wikipedia.org/wiki/Ian_Raby'),(421,'rollinson','','','Alan','Rollinson','1943-05-15','British','http://en.wikipedia.org/wiki/Alan_Rollinson'),(422,'gubby','','','Brian','Gubby','1934-04-17','British','http://en.wikipedia.org/wiki/Brian_Gubby'),(423,'mitter','','','Gerhard','Mitter','1935-08-30','German','http://en.wikipedia.org/wiki/Gerhard_Mitter'),(424,'bussinello','','','Roberto','Bussinello','1927-10-04','Italian','http://en.wikipedia.org/wiki/Roberto_Bussinello'),(425,'vaccarella','','','Nino','Vaccarella','1933-03-04','Italian','http://en.wikipedia.org/wiki/Nino_Vaccarella'),(426,'bassi','','','Giorgio','Bassi','1934-01-20','Italian','http://en.wikipedia.org/wiki/Giorgio_Bassi'),(427,'trintignant','','','Maurice','Trintignant','1917-10-30','French','http://en.wikipedia.org/wiki/Maurice_Trintignant'),(428,'collomb','','','Bernard','Collomb','1930-10-07','French','http://en.wikipedia.org/wiki/Bernard_Collomb'),(429,'andre_pilette','','','Andre','Pilette','1918-10-06','Belgian','http://en.wikipedia.org/wiki/Andre_Pilette'),(430,'beaufort','','','Carel Godin','de Beaufort','1934-04-10','Dutch','http://en.wikipedia.org/wiki/Carel_Godin_de_Beaufort'),(431,'barth','','','Edgar','Barth','1917-01-26','German','http://en.wikipedia.org/wiki/Edgar_Barth'),(432,'cabral','','','Mario de Araujo','Cabral','1934-01-15','Portuguese','http://en.wikipedia.org/wiki/Mario_de_Araujo_Cabral'),(433,'hansgen','','','Walt','Hansgen','1919-10-28','American','http://en.wikipedia.org/wiki/Walt_Hansgen'),(434,'sharp','','','Hap','Sharp','1928-01-01','American','http://en.wikipedia.org/wiki/Hap_Sharp'),(435,'mairesse','','','Willy','Mairesse','1928-10-01','Belgian','http://en.wikipedia.org/wiki/Willy_Mairesse'),(436,'campbell-jones','','','John','Campbell-Jones','1930-01-21','British','http://en.wikipedia.org/wiki/John_Campbell-Jones'),(437,'burgess','','','Ian','Burgess','1930-07-06','British','http://en.wikipedia.org/wiki/Ian_Burgess'),(438,'settember','','','Tony','Settember','1926-07-10','American','http://en.wikipedia.org/wiki/Tony_Settember'),(439,'estefano','','','Nasif','Estefano','1932-11-18','Argentine','http://en.wikipedia.org/wiki/Nasif_Estefano'),(440,'hall','','','Jim','Hall','1935-07-23','American','http://en.wikipedia.org/wiki/Jim_Hall_(race_car_driver'),(441,'parnell','','','Tim','Parnell','1932-06-25','British','http://en.wikipedia.org/wiki/Tim_Parnell'),(442,'kuhnke','','','Kurt','Kuhnke','1910-04-30','German','http://en.wikipedia.org/wiki/Kurt_Kuhnke'),(443,'ernesto_brambilla','','','Ernesto','Brambilla','1934-01-31','Italian','http://en.wikipedia.org/wiki/Ernesto_Brambilla'),(444,'lippi','','','Roberto','Lippi','1926-10-17','Italian','http://en.wikipedia.org/wiki/Roberto_Lippi'),(445,'seiffert','','','Gunther','Seiffert','1937-10-18','German','http://en.wikipedia.org/wiki/Gunther_Seiffert'),(446,'abate','','','Carlo','Abate','1932-07-10','Italian','http://en.wikipedia.org/wiki/Carlo_Mario_Abate'),(447,'starrabba','','','Gaetano','Starrabba','1932-12-03','Italian','http://en.wikipedia.org/wiki/Gaetano_Starrabba'),(448,'broeker','','','Peter','Broeker','1926-05-15','Canadian','http://en.wikipedia.org/wiki/Peter_Broeker'),(449,'ward','','','Rodger','Ward','1921-01-10','American','http://en.wikipedia.org/wiki/Rodger_Ward'),(450,'vos','','','Ernie','de Vos','1941-07-01','Dutch','http://en.wikipedia.org/wiki/Ernie_de_Vos'),(451,'dochnal','','','Frank','Dochnal','1920-10-08','American','http://en.wikipedia.org/wiki/Frank_Dochnal'),(452,'monarch','','','Thomas','Monarch','1945-09-03','American',''),(453,'lewis','','','Jackie','Lewis','1936-11-01','British','http://en.wikipedia.org/wiki/Jackie_Lewis'),(454,'ricardo_rodriguez','','','Ricardo','Rodriguez','1942-02-14','Mexican','http://en.wikipedia.org/wiki/Ricardo_Rodriguez_(Formula_One'),(455,'seidel','','','Wolfgang','Seidel','1926-07-04','German','http://en.wikipedia.org/wiki/Wolfgang_Seidel'),(456,'salvadori','','','Roy','Salvadori','1922-05-12','British','http://en.wikipedia.org/wiki/Roy_Salvadori'),(457,'pon','','','Ben','Pon','1936-12-09','Dutch','http://en.wikipedia.org/wiki/Ben_Pon'),(458,'slotemaker','','','Rob','Slotemaker','1929-06-13','Dutch','http://en.wikipedia.org/wiki/Rob_Slotemaker'),(459,'marsh','','','Tony','Marsh','1931-07-20','British','http://en.wikipedia.org/wiki/Tony_Marsh_(racing_driver'),(460,'ashmore','','','Gerry','Ashmore','1936-07-25','British','http://en.wikipedia.org/wiki/Gerry_Ashmore'),(461,'schiller','','','Heinz','Schiller','1930-01-25','Swiss','http://en.wikipedia.org/wiki/Heinz_Schiller'),(462,'davis','','','Colin','Davis','1933-07-29','British','http://en.wikipedia.org/wiki/Colin_Davis_(driver'),(463,'chamberlain','','','Jay','Chamberlain','1925-12-29','American','http://en.wikipedia.org/wiki/Jay_Chamberlain'),(464,'shelly','','','Tony','Shelly','1937-02-02','New Zealander','http://en.wikipedia.org/wiki/Tony_Shelly'),(465,'greene','','','Keith','Greene','1938-01-05','British','http://en.wikipedia.org/wiki/Keith_Greene'),(466,'walter','','','Heini','Walter','1927-07-28','Swiss','http://en.wikipedia.org/wiki/Heini_Walter'),(467,'prinoth','','','Ernesto','Prinoth','1923-04-15','Italian','http://en.wikipedia.org/wiki/Ernesto_Prinoth'),(468,'penske','','','Roger','Penske','1937-02-20','American','http://en.wikipedia.org/wiki/Roger_Penske'),(469,'schroeder','','','Rob','Schroeder','1926-05-11','British','http://en.wikipedia.org/wiki/Rob_Schroeder'),(470,'mayer','','','Timmy','Mayer','1938-02-22','American','http://en.wikipedia.org/wiki/Timmy_Mayer'),(471,'johnstone','','','Bruce','Johnstone','1937-01-30','South African','http://en.wikipedia.org/wiki/Bruce_Johnstone_(racing_driver'),(472,'harris','','','Mike','Harris','1939-05-25','South African','http://en.wikipedia.org/wiki/Mike_Harris_(race_car_driver'),(473,'hocking','','','Gary','Hocking','1937-09-30','Rhodesian','http://en.wikipedia.org/wiki/Gary_Hocking'),(474,'vyver','','','Syd','van der Vyver','1920-06-01','South African','http://en.wikipedia.org/wiki/Syd_van_der_Vyver'),(475,'moss','','','Stirling','Moss','1929-09-17','British','http://en.wikipedia.org/wiki/Stirling_Moss'),(476,'trips','','','Wolfgang','von Trips','1928-05-04','German','http://en.wikipedia.org/wiki/Wolfgang_Graf_Berghe_von_Trips'),(477,'allison','','','Cliff','Allison','1932-02-08','British','http://en.wikipedia.org/wiki/Cliff_Allison'),(478,'herrmann','','','Hans','Herrmann','1928-02-23','German','http://en.wikipedia.org/wiki/Hans_Herrmann'),(479,'brooks','','','Tony','Brooks','1932-02-25','British','http://en.wikipedia.org/wiki/Tony_Brooks'),(480,'may','','','Michael','May','1934-08-18','Swiss','http://en.wikipedia.org/wiki/Michael_May_(racing_driver'),(481,'henry_taylor','','','Henry','Taylor','1932-12-16','British','http://en.wikipedia.org/wiki/Henry_Taylor_(racing_driver'),(482,'gendebien','','','Olivier','Gendebien','1924-01-12','Belgian','http://en.wikipedia.org/wiki/Olivier_Gendebien'),(483,'scarlatti','','','Giorgio','Scarlatti','1921-10-02','Italian','http://en.wikipedia.org/wiki/Giorgio_Scarlatti'),(484,'naylor','','','Brian','Naylor','1923-03-24','British','http://en.wikipedia.org/wiki/Brian_Naylor'),(485,'bordeu','','','Juan Manuel','Bordeu','1934-01-28','Argentine','http://en.wikipedia.org/wiki/Juan_Manuel_Bordeu'),(486,'fairman','','','Jack','Fairman','1913-03-15','British','http://en.wikipedia.org/wiki/Jack_Fairman'),(487,'natili','','','Massimo','Natili','1935-07-28','Italian','http://en.wikipedia.org/wiki/Massimo_Natili'),(488,'monteverdi','','','Peter','Monteverdi','1934-06-07','Swiss','http://en.wikipedia.org/wiki/Peter_Monteverdi'),(489,'pirocchi','','','Renato','Pirocchi','1933-03-26','Italian','http://en.wikipedia.org/wiki/Renato_Pirocchi'),(490,'duke','','','Geoff','Duke','1923-03-29','British','http://en.wikipedia.org/wiki/Geoff_Duke'),(491,'thiele','','','Alfonso','Thiele','1920-04-05','American-Italian','http://en.wikipedia.org/wiki/Alfonso_Thiele'),(492,'boffa','','','Menato','Boffa','1930-01-04','Italian','http://en.wikipedia.org/wiki/Menato_Boffa'),(493,'ryan','','','Peter','Ryan','1940-06-10','Canadian','http://en.wikipedia.org/wiki/Peter_Ryan_(driver'),(494,'ruby','','','Lloyd','Ruby','1928-01-12','American','http://en.wikipedia.org/wiki/Lloyd_Ruby'),(495,'ken_miles','','','Ken','Miles','1918-11-01','British','http://en.wikipedia.org/wiki/Ken_Miles'),(496,'menditeguy','','','Carlos','Menditeguy','1914-08-10','Argentine','http://en.wikipedia.org/wiki/Carlos_Menditeguy'),(497,'larreta','','','Alberto Rodriguez','Larreta','1934-01-14','Argentine','http://en.wikipedia.org/wiki/Alberto_Rodriguez_Larreta'),(498,'gonzalez','','','Jose Froilan','Gonzalez','1922-10-05','Argentine','http://en.wikipedia.org/wiki/Jose_Froilan_Gonzalez'),(499,'bonomi','','','Roberto','Bonomi','1919-09-30','Argentine','http://en.wikipedia.org/wiki/Roberto_Bonomi'),(500,'munaron','','','Gino','Munaron','1928-04-02','Italian','http://en.wikipedia.org/wiki/Gino_Munaron\"'),(501,'schell','','','Harry','Schell','1921-06-29','American','http://en.wikipedia.org/wiki/Harry_Schell\"'),(502,'stacey','','','Alan','Stacey','1933-08-29','British','http://en.wikipedia.org/wiki/Alan_Stacey\"'),(503,'chimeri','','','Ettore','Chimeri','1921-06-04','Venezuelan','http://en.wikipedia.org/wiki/Ettore_Chimeri'),(504,'creus','','','Antonio','Creus','1924-10-28','Spanish','http://en.wikipedia.org/wiki/Antonio_Creus'),(505,'bristow','','','Chris','Bristow','1937-12-02','British','http://en.wikipedia.org/wiki/Chris_Bristow'),(506,'halford','','','Bruce','Halford','1931-05-18','British','http://en.wikipedia.org/wiki/Bruce_Halford'),(507,'daigh','','','Chuck','Daigh','1923-11-29','American','http://en.wikipedia.org/wiki/Chuck_Daigh'),(508,'reventlow','','','Lance','Reventlow','1936-02-24','American','http://en.wikipedia.org/wiki/Lance_Reventlow'),(509,'rathmann','','','Jim','Rathmann','1928-07-16','American','http://en.wikipedia.org/wiki/Jim_Rathmann'),(510,'goldsmith','','','Paul','Goldsmith','1925-10-02','American','http://en.wikipedia.org/wiki/Paul_Goldsmith'),(511,'branson','','','Don','Branson','1920-06-02','American','http://en.wikipedia.org/wiki/Don_Branson'),(512,'thomson','','','Johnny','Thomson','1922-04-09','American','http://en.wikipedia.org/wiki/Johnny_Thomson'),(513,'johnson','','','Eddie','Johnson','1919-02-10','American','http://en.wikipedia.org/wiki/Eddie_Johnson_(auto_racer)'),(514,'veith','','','Bob','Veith','1926-11-01','American','http://en.wikipedia.org/wiki/Bob_Veith'),(515,'tingelstad','','','Bud','Tingelstad','1928-04-04','American','http://en.wikipedia.org/wiki/Bud_Tingelstad'),(516,'christie','','','Bob','Christie','1924-04-04','American','http://en.wikipedia.org/wiki/Bob_Christie_(racing_driver)'),(517,'amick','','','Red','Amick','1929-01-19','American','http://en.wikipedia.org/wiki/Red_Amick'),(518,'darter','','','Duane','Carter','1913-05-05','American','http://en.wikipedia.org/wiki/Duane_Carter'),(519,'homeier','','','Bill','Homeier','1918-08-31','American','http://en.wikipedia.org/wiki/Bill_Homeier'),(520,'hartley','','','Gene','Hartley','1926-01-28','American','http://en.wikipedia.org/wiki/Gene_Hartley'),(521,'stevenson','','','Chuck','Stevenson','1919-10-15','American','http://en.wikipedia.org/wiki/Chuck_Stevenson'),(522,'grim','','','Bobby','Grim','1924-09-04','American','http://en.wikipedia.org/wiki/Bobby_Grim'),(523,'templeman','','','Shorty','Templeman','1919-08-12','American','http://en.wikipedia.org/wiki/Shorty_Templeman'),(524,'hurtubise','','','Jim','Hurtubise','1932-12-05','American','http://en.wikipedia.org/wiki/Jim_Hurtubise'),(525,'bryan','','','Jimmy','Bryan','1926-01-28','American','http://en.wikipedia.org/wiki/Jimmy_Bryan'),(526,'ruttman','','','Troy','Ruttman','1930-03-11','American','http://en.wikipedia.org/wiki/Troy_Ruttman'),(527,'sachs','','','Eddie','Sachs','1927-05-28','American','http://en.wikipedia.org/wiki/Eddie_Sachs'),(528,'freeland','','','Don','Freeland','1925-03-25','American','http://en.wikipedia.org/wiki/Don_Freeland'),(529,'bettenhausen','','','Tony','Bettenhausen','1916-09-12','American','http://en.wikipedia.org/wiki/Tony_Bettenhausen'),(530,'weiler','','','Wayne','Weiler','1934-12-09','American','http://en.wikipedia.org/wiki/Wayne_Weiler'),(531,'foyt','','','Anthony','Foyt','1935-01-16','American','http://en.wikipedia.org/wiki/A.J._Foyt'),(532,'russo','','','Eddie','Russo','1925-11-19','American','http://en.wikipedia.org/wiki/Eddie_Russo'),(533,'boyd','','','Johnny','Boyd','1926-08-19','American','http://en.wikipedia.org/wiki/Johnny_Boyd'),(534,'force','','','Gene','Force','1916-06-15','American','http://en.wikipedia.org/wiki/Gene_Force'),(535,'mcwithey','','','Jim','McWithey','1927-07-04','American','http://en.wikipedia.org/wiki/Jim_McWithey'),(536,'sutton','','','Len','Sutton','1925-08-09','American','http://en.wikipedia.org/wiki/Len_Sutton'),(537,'dick_rathmann','','','Dick','Rathmann','1924-01-06','American','http://en.wikipedia.org/wiki/Dick_Rathmann'),(538,'herman','','','Al','Herman','1927-03-15','American','http://en.wikipedia.org/wiki/Al_Herman'),(539,'dempsey_wilson','','','Dempsey','Wilson','1927-03-11','American','http://en.wikipedia.org/wiki/Dempsey_Wilson'),(540,'mike_taylor','','','Mike','Taylor','1934-04-24','British','http://en.wikipedia.org/wiki/Mike_Taylor_(driver)'),(541,'flockhart','','','Ron','Flockhart','1923-06-16','British','http://en.wikipedia.org/wiki/Ron_Flockhart_(auto_racing)'),(542,'piper','','','David','Piper','1930-12-02','British','http://en.wikipedia.org/wiki/David_Piper'),(543,'cabianca','','','Giulio','Cabianca','1923-02-19','Italian','http://en.wikipedia.org/wiki/Giulio_Cabianca'),(544,'drogo','','','Piero','Drogo','1926-08-08','Italian','http://en.wikipedia.org/wiki/Piero_Drogo'),(545,'gamble','','','Fred','Gamble','1932-03-17','American','http://en.wikipedia.org/wiki/Fred_Gamble_(racing_driver)'),(546,'owen','','','Arthur','Owen','1915-03-23','British','http://en.wikipedia.org/wiki/Arthur_Owen'),(547,'gould','','','Horace','Gould','1918-09-20','British','http://en.wikipedia.org/wiki/Horace_Gould'),(548,'drake','','','Bob','Drake','1919-12-14','American','http://en.wikipedia.org/wiki/Bob_Drake_(Formula_One)'),(549,'bueb','','','Ivor','Bueb','1923-06-06','British','http://en.wikipedia.org/wiki/Ivor_Bueb'),(550,'Changy','','','Alain','de Changy','1922-02-05','Belgian','http://en.wikipedia.org/wiki/Alain_de_Changy'),(551,'filippis','','','Maria','de Filippis','1926-11-11','Italian','http://en.wikipedia.org/wiki/Maria_Teresa_de_Filippis'),(552,'lucienbonnet','','','Jean','Lucienbonnet','1923-01-07','French','http://en.wikipedia.org/wiki/Jean_Lucienbonnet'),(553,'testut','','','Andre','Testut','1926-04-13','Monegasque','http://en.wikipedia.org/wiki/Andre_Testut'),(554,'behra','','','Jean','Behra','1921-02-16','French','http://en.wikipedia.org/wiki/Jean_Behra'),(555,'paul_russo','','','Paul','Russo','1914-04-10','American','http://en.wikipedia.org/wiki/Paul_Russo'),(556,'daywalt','','','Jimmy','Daywalt','1924-08-28','American','http://en.wikipedia.org/wiki/Jimmy_Daywalt'),(557,'arnold','','','Chuck','Arnold','1926-05-30','American','http://en.wikipedia.org/wiki/Chuck_Arnold'),(558,'keller','','','Al','Keller','1920-04-11','American','http://en.wikipedia.org/wiki/Al_Keller'),(559,'flaherty','','','Pat','Flaherty','1926-01-06','American','http://en.wikipedia.org/wiki/Pat_Flaherty_(racing_driver)'),(560,'cheesbourg','','','Bill','Cheesbourg','1927-06-12','American','http://en.wikipedia.org/wiki/Bill_Cheesbourg'),(561,'ray_crawford','','','Ray','Crawford','1915-10-26','American','http://en.wikipedia.org/wiki/Ray_Crawford'),(562,'turner','','','Jack','Turner','1920-02-12','American','http://en.wikipedia.org/wiki/Jack_Turner_(driver)'),(563,'weyant','','','Chuck','Weyant','1923-04-03','American','http://en.wikipedia.org/wiki/Chuck_Weyant'),(564,'larson','','','Jud','Larson','1923-01-21','American','http://en.wikipedia.org/wiki/Jud_Larson'),(565,'magill','','','Mike','Magill','1920-02-08','American','http://en.wikipedia.org/wiki/Mike_Magill'),(566,'shelby','','','Carroll','Shelby','1923-01-11','American','http://en.wikipedia.org/wiki/Carroll_Shelby'),(567,'orey','','','Fritz','d\'Orey','1938-03-25','Brazilian','http://en.wikipedia.org/wiki/Fritz_d%27Orey'),(568,'fontes','','','Azdrubal','Fontes','1922-12-26','Uruguayan','http://en.wikipedia.org/wiki/Azdrubal_Fontes'),(569,'ashdown','','','Peter','Ashdown','1934-10-16','British','http://en.wikipedia.org/wiki/Peter_Ashdown'),(570,'bill_moss','','','Bill','Moss','1933-09-04','British','http://en.wikipedia.org/wiki/Bill_Moss_(racing_driver)'),(571,'dennis_taylor','','','Dennis','Taylor','1921-06-12','British','http://en.wikipedia.org/wiki/Dennis_Taylor_(racing_driver)'),(572,'blanchard','','','Harry','Blanchard','1929-06-13','American','http://en.wikipedia.org/wiki/Harry_Blanchard'),(573,'tomaso','','','Alessandro','de Tomaso','1928-07-10','Argentine-Italian','http://en.wikipedia.org/wiki/Alessandro_de_Tomaso'),(574,'constantine','','','George','Constantine','1918-02-22','American','http://en.wikipedia.org/wiki/George_Constantine'),(575,'said','','','Bob','Said','1932-05-05','American','http://en.wikipedia.org/wiki/Bob_Said'),(576,'cade','','','Phil','Cade','1916-06-12','American','http://en.wikipedia.org/wiki/Phil_Cade'),(577,'musso','','','Luigi','Musso','1924-07-28','Italian','http://en.wikipedia.org/wiki/Luigi_Musso'),(578,'hawthorn','','','Mike','Hawthorn','1929-04-10','British','http://en.wikipedia.org/wiki/Mike_Hawthorn'),(579,'fangio','','','Juan','Fangio','1911-06-24','Argentine','http://en.wikipedia.org/wiki/Juan_Manuel_Fangio'),(580,'godia','','','Paco','Godia','1921-03-21','Spanish','http://en.wikipedia.org/wiki/Paco_Godia'),(581,'collins','','','Peter','Collins','1931-11-06','British','http://en.wikipedia.org/wiki/Peter_Collins_(racing_driver)'),(582,'kavanagh','','','Ken','Kavanagh','1923-12-12','Australian','http://en.wikipedia.org/wiki/Ken_Kavanagh'),(583,'gerini','','','Gerino','Gerini','1928-08-10','Italian','http://en.wikipedia.org/wiki/Gerino_Gerini_(racing_driver)'),(584,'kessler','','','Bruce','Kessler','1936-03-23','American','http://en.wikipedia.org/wiki/Bruce_Kessler'),(585,'emery','','','Paul','Emery','1916-11-12','British','http://en.wikipedia.org/wiki/Paul_Emery'),(586,'piotti','','','Luigi','Piotti','1913-10-27','Italian','http://en.wikipedia.org/wiki/Luigi_Piotti'),(587,'ecclestone','','','Bernie','Ecclestone','1930-10-28','British','http://en.wikipedia.org/wiki/Bernie_Ecclestone'),(588,'taramazzo','','','Luigi','Taramazzo','1932-05-05','Italian','http://en.wikipedia.org/wiki/Luigi_Taramazzo'),(589,'chiron','','','Louis','Chiron','1899-08-03','Monegasque','http://en.wikipedia.org/wiki/Louis_Chiron'),(590,'lewis-evans','','','Stuart','Lewis-Evans','1930-04-20','British','http://en.wikipedia.org/wiki/Stuart_Lewis-Evans'),(591,'george_amick','','','George','Amick','1924-10-24','American','http://en.wikipedia.org/wiki/George_Amick'),(592,'reece','','','Jimmy','Reece','1929-11-17','American','http://en.wikipedia.org/wiki/Jimmy_Reece'),(593,'parsons','','','Johnnie','Parsons','1918-07-04','American','http://en.wikipedia.org/wiki/Johnnie_Parsons'),(594,'tolan','','','Johnnie','Tolan','1917-10-22','American','http://en.wikipedia.org/wiki/Johnnie_Tolan'),(595,'garrett','','','Billy','Garrett','1933-04-24','American','http://en.wikipedia.org/wiki/Billy_Garrett'),(596,'elisian','','','Ed','Elisian','1926-12-09','American','http://en.wikipedia.org/wiki/Ed_Elisian'),(597,'connor','','','Pat','O\'Connor','1928-10-09','American','http://en.wikipedia.org/wiki/Pat_O%27Connor_(auto_racer)'),(598,'jerry_unser','','','Jerry','Unser','1932-11-15','American','http://en.wikipedia.org/wiki/Jerry_Unser'),(599,'bisch','','','Art','Bisch','1926-11-10','American','http://en.wikipedia.org/wiki/Art_Bisch'),(600,'goethals','','','Christian','Goethals','1928-08-04','Belgian','http://en.wikipedia.org/wiki/Christian_Goethals'),(601,'gibson','','','Dick','Gibson','1918-04-16','British','http://en.wikipedia.org/wiki/Dick_Gibson'),(602,'la_caze','','','Robert','La Caze','1917-02-26','French','http://en.wikipedia.org/wiki/Robert_La_Caze'),(603,'guelfi','','','Andre','Guelfi','1919-05-06','French','http://en.wikipedia.org/wiki/Andre_Guelfi'),(604,'picard','','','Francois','Picard','1921-04-26','French','http://en.wikipedia.org/wiki/Francois_Picard'),(605,'bridger','','','Tom','Bridger','1934-06-24','British','http://en.wikipedia.org/wiki/Tom_Bridger'),(606,'portago','','','Alfonso','de Portago','1928-10-11','Spanish','http://en.wikipedia.org/wiki/Alfonso_de_Portago'),(607,'perdisa','','','Cesare','Perdisa','1932-10-21','Italian','http://en.wikipedia.org/wiki/Cesare_Perdisa'),(608,'castellotti','','','Eugenio','Castellotti','1930-10-10','Italian','http://en.wikipedia.org/wiki/Eugenio_Castellotti'),(609,'simon','','','Andre','Simon','1920-01-05','French','http://en.wikipedia.org/wiki/Andre_Simon_(racing_driver)'),(610,'leston','','','Les','Leston','1920-12-16','British','http://en.wikipedia.org/wiki/Les_Leston'),(611,'hanks','','','Sam','Hanks','1914-07-13','American','http://en.wikipedia.org/wiki/Sam_Hanks'),(612,'linden','','','Andy','Linden','1922-04-05','American','http://en.wikipedia.org/wiki/Andy_Linden_(racing_driver)'),(613,'teague','','','Marshall','Teague','1921-02-22','American','http://en.wikipedia.org/wiki/Marshall_Teague'),(614,'edmunds','','','Don','Edmunds','1930-09-23','American','http://en.wikipedia.org/wiki/Don_Edmunds'),(615,'agabashian','','','Fred','Agabashian','1913-08-21','American','http://en.wikipedia.org/wiki/Fred_Agabashian'),(616,'george','','','Elmer','George','1928-07-15','American','http://en.wikipedia.com/wiki/Elmer_George'),(617,'macdowel','','','Mike','MacDowel','1932-09-13','British','http://en.wikipedia.org/wiki/Mike_MacDowel'),(618,'mackay-fraser','','','Herbert','MacKay-Fraser','1927-06-23','American','http://en.wikipedia.org/wiki/Herbert_MacKay-Fraser'),(619,'gerard','','','Bob','Gerard','1914-01-19','British','http://en.wikipedia.org/wiki/Bob_Gerard'),(620,'maglioli','','','Umberto','Maglioli','1928-06-05','Italian','http://en.wikipedia.org/wiki/Umberto_Maglioli'),(621,'england','','','Paul','England','1929-03-28','Australian','http://en.wikipedia.org/wiki/Paul_England'),(622,'landi','','','Chico','Landi','1907-07-14','Brazilian','http://en.wikipedia.org/wiki/Chico_Landi'),(623,'uria','','','Alberto','Uria','1924-07-11','Uruguayan','http://en.wikipedia.org/wiki/Alberto_Uria'),(624,'ramos','','','Hernando','da Silva Ramos','1925-12-07','Brazilian','http://en.wikipedia.org/wiki/Hernando_da_Silva_Ramos'),(625,'bayol','','','Elie','Bayol','1914-02-28','French','http://en.wikipedia.org/wiki/Elie_Bayol'),(626,'manzon','','','Robert','Manzon','1917-04-12','French','http://en.wikipedia.org/wiki/Robert_Manzon'),(627,'rosier','','','Louis','Rosier','1905-11-05','French','http://en.wikipedia.org/wiki/Louis_Rosier'),(628,'sweikert','','','Bob','Sweikert','1926-05-20','American','http://en.wikipedia.org/wiki/Bob_Sweikert'),(629,'griffith','','','Cliff','Griffith','1916-02-06','American','http://en.wikipedia.org/wiki/Cliff_Griffith'),(630,'dinsmore','','','Duke','Dinsmore','1913-04-10','American','http://en.wikipedia.org/wiki/Duke_Dinsmore'),(631,'andrews','','','Keith','Andrews','1920-06-15','American','http://en.wikipedia.org/wiki/Keith_Andrews_(driver)'),(632,'frere','','','Paul','Frere','1917-01-30','Belgian','http://en.wikipedia.org/wiki/Paul_Frere'),(633,'villoresi','','','Luigi','Villoresi','1909-05-16','Italian','http://en.wikipedia.org/wiki/Luigi_Villoresi'),(634,'scotti','','','Piero','Scotti','1909-11-11','Italian','http://en.wikipedia.org/wiki/Piero_Scotti'),(635,'chapman','','','Colin','Chapman','1928-05-19','British','http://en.wikipedia.org/wiki/Colin_Chapman'),(636,'titterington','','','Desmond','Titterington','1928-05-01','British','http://en.wikipedia.com/wiki/Desmond_Titterington'),(637,'scott_Brown','','','Archie','Scott Brown','1927-05-13','British','http://en.wikipedia.org/wiki/Archie_Scott_Brown'),(638,'volonterio','','','Ottorino','Volonterio','1917-12-07','Swiss','http://en.wikipedia.org/wiki/Ottorino_Volonterio'),(639,'milhoux','','','Andre','Milhoux','1928-12-09','Belgian','http://en.wikipedia.org/wiki/Andre_Milhoux'),(640,'graffenried','','','Toulo','de Graffenried','1914-05-18','Swiss','http://en.wikipedia.org/wiki/Toulo_de_Graffenried'),(641,'taruffi','','','Piero','Taruffi','1906-10-12','Italian','http://en.wikipedia.org/wiki/Piero_Taruffi'),(642,'farina','','','Nino','Farina','1906-10-30','Italian','http://en.wikipedia.org/wiki/Nino_Farina'),(643,'mieres','','','Roberto','Mieres','1924-12-03','Argentine','http://en.wikipedia.org/wiki/Roberto_Mieres'),(644,'mantovani','','','Sergio','Mantovani','1929-05-22','Italian','http://en.wikipedia.org/wiki/Sergio_Mantovani'),(645,'bucci','','','Clemar','Bucci','1920-09-04','Argentine','http://en.wikipedia.org/wiki/Clemar_Bucci'),(646,'iglesias','','','Jesus','Iglesias','1922-02-22','Argentine','http://en.wikipedia.org/wiki/Jesus_Iglesias'),(647,'ascari','','','Alberto','Ascari','1918-07-13','Italian','http://en.wikipedia.org/wiki/Alberto_Ascari'),(648,'kling','','','Karl','Kling','1910-09-16','German','http://en.wikipedia.org/wiki/Karl_Kling'),(649,'birger','','','Pablo','Birger','1924-01-07','Argentine','http://en.wikipedia.org/wiki/Pablo_Birger'),(650,'pollet','','','Jacques','Pollet','1922-07-02','French','http://en.wikipedia.org/wiki/Jacques_Pollet'),(651,'macklin','','','Lance','Macklin','1919-09-02','British','http://en.wikipedia.org/wiki/Lance_Macklin'),(652,'whiteaway','','','Ted','Whiteaway','1928-11-01','British','http://en.wikipedia.org/wiki/Ted_Whiteaway'),(653,'davies','','','Jimmy','Davies','1929-08-08','American','http://en.wikipedia.org/wiki/Jimmy_Davies'),(654,'faulkner','','','Walt','Faulkner','1920-02-16','American','http://en.wikipedia.org/wiki/Walt_Faulkner'),(655,'niday','','','Cal','Niday','1914-04-29','American','http://en.wikipedia.org/wiki/Cal_Niday'),(656,'cross','','','Art','Cross','1918-01-24','American','http://en.wikipedia.org/wiki/Art_Cross'),(657,'vukovich','','','Bill','Vukovich','1918-12-13','American','http://en.wikipedia.org/wiki/Bill_Vukovich'),(658,'mcgrath','','','Jack','McGrath','1919-10-08','American','http://en.wikipedia.org/wiki/Jack_McGrath_(racing_driver)'),(659,'hoyt','','','Jerry','Hoyt','1929-01-29','American','http://en.wikipedia.org/wiki/Jerry_Hoyt'),(660,'claes','','','Johnny','Claes','1916-08-11','Belgian','http://en.wikipedia.org/wiki/Johnny_Claes'),(661,'peter_walker','','','Peter','Walker','1912-10-07','British','http://en.wikipedia.org/wiki/Peter_Walker_(driver)'),(662,'sparken','','','Mike','Sparken','1930-06-16','French','http://en.wikipedia.org/wiki/Mike_Sparken'),(663,'wharton','','','Ken','Wharton','1916-03-21','British','http://en.wikipedia.org/wiki/Ken_Wharton'),(664,'mcalpine','','','Kenneth','McAlpine','1920-09-21','British','http://en.wikipedia.org/wiki/Kenneth_McAlpine'),(665,'marr','','','Leslie','Marr','1922-08-14','British','http://en.wikipedia.org/wiki/Leslie_Marr'),(666,'rolt','','','Tony','Rolt','1918-10-16','British','http://en.wikipedia.org/wiki/Tony_Rolt'),(667,'fitch','','','John','Fitch','1917-08-04','American','http://en.wikipedia.org/wiki/John_Fitch_(driver)'),(668,'lucas','','','Jean','Lucas','1917-04-25','French','http://en.wikipedia.org/wiki/Jean_Lucas'),(669,'bira','','','Prince','Bira','1914-07-15','Thai','http://en.wikipedia.org/wiki/Prince_Bira'),(670,'marimon','','','Onofre','Marimon','1923-12-19','Argentine','http://en.wikipedia.org/wiki/Onofre_Marimon'),(671,'loyer','','','Roger','Loyer','1907-08-05','French','http://en.wikipedia.org/wiki/Roger_Loyer'),(672,'daponte','','','Jorge','Daponte','1923-06-05','Argentine','http://en.wikipedia.org/wiki/Jorge_Daponte'),(673,'nazaruk','','','Mike','Nazaruk','1921-10-02','American','http://en.wikipedia.org/wiki/Mike_Nazaruk'),(674,'crockett','','','Larry','Crockett','1926-10-23','American','http://en.wikipedia.org/wiki/Larry_Crockett'),(675,'ayulo','','','Manny','Ayulo','1921-10-20','American','http://en.wikipedia.org/wiki/Manny_Ayulo'),(676,'armi','','','Frank','Armi','1918-10-12','American','http://en.wikipedia.org/wiki/Frank_Armi'),(677,'webb','','','Travis','Webb','1910-10-08','American','http://en.wikipedia.org/wiki/Travis_Webb'),(678,'duncan','','','Len','Duncan','1911-07-25','American','http://en.wikipedia.org/wiki/Len_Duncan'),(679,'mccoy','','','Ernie','McCoy','1921-02-19','American','http://en.wikipedia.org/wiki/Ernie_McCoy'),(680,'swaters','','','Jacques','Swaters','1926-10-30','American','http://en.wikipedia.org/wiki/Jacques_Swaters'),(681,'georges_berger','','','Georges','Berger','1918-09-14','Belgian','http://en.wikipedia.org/wiki/Georges_Berger'),(682,'beauman','','','Don','Beauman','1928-07-26','British','http://en.wikipedia.org/wiki/Don_Beauman'),(683,'thorne','','','Leslie','Thorne','1916-06-23','British','http://en.wikipedia.org/wiki/Leslie_Thorne'),(684,'whitehouse','','','Bill','Whitehouse','1909-04-01','British','http://en.wikipedia.org/wiki/Bill_Whitehouse'),(685,'riseley_prichard','','','John','Riseley-Prichard','1924-01-17','British','http://en.wikipedia.org/wiki/John_Riseley-Prichard'),(686,'reg_parnell','','','Reg','Parnell','1911-07-02','British','http://en.wikipedia.org/wiki/Reg_Parnell'),(687,'whitehead','','','Peter','Whitehead','1914-11-12','British','http://en.wikipedia.org/wiki/Peter_Whitehead_(racing_driver)'),(688,'brandon','','','Eric','Brandon','1920-07-18','British','http://en.wikipedia.org/wiki/Eric_Brandon'),(689,'alan_brown','','','Alan','Brown','1919-11-20','British','http://en.wikipedia.org/wiki/Alan_Brown_(racing_driver)'),(690,'nuckey','','','Rodney','Nuckey','1929-06-26','British','http://en.wikipedia.org/wiki/Rodney_Nuckey'),(691,'lang','','','Hermann','Lang','1909-04-06','German','http://en.wikipedia.org/wiki/Hermann_Lang'),(692,'helfrich','','','Theo','Helfrich','1913-05-13','German','http://en.wikipedia.org/wiki/Thep_Helfrich'),(693,'wacker','','','Fred','Wacker','1918-07-10','American','http://en.wikipedia.org/wiki/Fred_Wacker'),(694,'riu','','','Giovanni','de Riu','1925-03-10','Italian','http://en.wikipedia.org/wiki/Giovanni_de_Riu'),(695,'galvez','','','Oscar','Galvez','1913-08-17','Argentine','http://en.wikipedia.org/wiki/Oscar_Galvez'),(696,'john_barber','','','John','Barber','1929-07-22','British','http://en.wikipedia.org/wiki/John_Barber_(racing_driver)'),(697,'bonetto','','','Felice','Bonetto','1903-06-09','Italian','http://en.wikipedia.org/wiki/Felice_Bonetto'),(698,'cruz','','','Adolfo','Cruz','1923-06-28','Argentine','http://en.wikipedia.org/wiki/Adolfo_Schewelm_Cruz'),(699,'nalon','','','Duke','Nalon','1913-03-02','American','http://en.wikipedia.org/wiki/Duke_Nalon'),(700,'scarborough','','','Carl','Scarborough','1914-07-03','American','http://en.wikipedia.org/wiki/Carl_Scarborough'),(701,'holland','','','Bill','Holland','1907-12-18','American','http://en.wikipedia.org/wiki/Bill_Holland'),(702,'bob_scott','','','Bob','Scott','1928-10-04','American','http://en.wikipedia.org/wiki/Bob_Scott_(auto_racer)'),(703,'legat','','','Arthur','Legat','1898-11-01','Belgian','http://en.wikipedia.org/wiki/Arthur_Legat'),(704,'cabantous','','','Yves','Cabantous','1904-10-08','French','http://en.wikipedia.org/wiki/Yves_Giraud_Cabantous'),(705,'crook','','','Tony','Crook','1920-02-16','British','http://en.wikipedia.org/wiki/Tony_Crook'),(706,'jimmy_stewart','','','Jimmy','Stewart','1931-03-06','British','http://en.wikipedia.org/wiki/Jimmy_Stewart_(racing_driver)'),(707,'ian_stewart','','','Ian','Stewart','1929-07-15','British','http://en.wikipedia.org/wiki/Ian_Stewart_(racing_driver)'),(708,'duncan_hamilton','','','Duncan','Hamilton','1920-04-30','British','http://en.wikipedia.org/wiki/Duncan_Hamilton_(racing_driver)'),(709,'klodwig','','','Ernst','Klodwig','1903-05-23','East German','http://en.wikipedia.org/wiki/Ernst_Klodwig'),(710,'krause','','','Rudolf','Krause','1907-03-30','East German','http://en.wikipedia.org/wiki/Rudolf_Krause'),(711,'karch','','','Oswald','Karch','1917-03-06','German','http://en.wikipedia.org/wiki/Oswald_Karch'),(712,'heeks','','','Willi','Heeks','1922-02-13','German','http://en.wikipedia.org/wiki/Willi_Heeks'),(713,'fitzau','','','Theo','Fitzau','1923-02-10','East German','http://en.wikipedia.org/wiki/Theo_Fitzau'),(714,'adolff','','','Kurt','Adolff','1921-11-05','German','http://en.wikipedia.org/wiki/Kurt_Adolff'),(715,'bechem','','','Gunther','Bechem','1921-12-21','German','http://en.wikipedia.org/wiki/Gunther_Bechem'),(716,'bauer','','','Erwin','Bauer','1912-07-17','German','http://en.wikipedia.org/wiki/Erwin_Bauer'),(717,'hans_stuck','','','Hans','von Stuck','1900-12-27','German','http://en.wikipedia.org/wiki/Hans_Von_Stuck'),(718,'loof','','','Ernst','Loof','1907-07-04','German','http://en.wikipedia.org/wiki/Ernst_Loof'),(719,'scherrer','','','Albert','Scherrer','1908-02-28','Swiss','http://en.wikipedia.org/wiki/Albert_Scherrer'),(720,'terra','','','Max','de Terra','1918-10-06','Swiss','http://en.wikipedia.org/wiki/Max_de_Terra'),(721,'hirt','','','Peter','Hirt','1910-03-30','Swiss','http://en.wikipedia.org/wiki/Peter_Hirt'),(722,'carini','','','Piero','Carini','1921-03-06','Italian','http://en.wikipedia.org/wiki/Piero_Carini'),(723,'fischer','','','Rudi','Fischer','1912-04-19','Swiss','http://en.wikipedia.org/wiki/Rudi_Fischer'),(724,'ulmen','','','Toni','Ulmen','1906-01-25','German','http://en.wikipedia.org/wiki/Toni_Ulmen'),(725,'abecassis','','','George','Abecassis','1913-03-21','British','http://en.wikipedia.org/wiki/George_Abecassis'),(726,'george_connor','','','George','Connor','1906-08-16','American','http://en.wikipedia.org/wiki/George_Connor_(driver)'),(727,'rigsby','','','Jim','Rigsby','1923-06-06','American','http://en.wikipedia.org/wiki/Jim_Rigsby'),(728,'james','','','Joe','James','1925-05-23','American','http://en.wikipedia.org/wiki/Joe_James_(racing_driver)'),(729,'schindler','','','Bill','Schindler','1909-03-06','American','http://en.wikipedia.org/wiki/Bill_Schindler'),(730,'fonder','','','George','Fonder','1917-06-22','American','http://en.wikipedia.org/wiki/George_Fonder'),(731,'banks','','','Henry','Banks','1913-06-14','American','http://en.wikipedia.org/wiki/Henry_Banks'),(732,'mcdowell','','','Johnny','McDowell','1915-01-29','American','http://en.wikipedia.org/wiki/Johnny_McDowell'),(733,'miller','','','Chet','Miller','1902-07-19','American','http://en.wikipedia.org/wiki/Chet_Miller'),(734,'ball','','','Bobby','Ball','1925-08-26','American','http://en.wikipedia.org/wiki/Bobby_Ball_(auto_racer)'),(735,'tornaco','','','Charles','de Tornaco','1927-06-07','Belgian','http://en.wikipedia.org/wiki/Charles_de_Tornaco'),(736,'laurent','','','Roger','Laurent','1913-02-21','Belgian','http://en.wikipedia.org/wiki/Roger_Laurent'),(737,'obrien','','','Robert','O\'Brien','1908-04-11','American','http://en.wikipedia.org/wiki/Robert_O%27Brien_(auto_racer)'),(738,'gaze','','','Tony','Gaze','1920-02-03','Australian','http://en.wikipedia.org/wiki/Tony_Gaze'),(739,'charrington','','','Robin','Montgomerie-Charrington','1915-06-23','British','http://en.wikipedia.org/wiki/Robin_Montgomerie-Charrington'),(740,'comotti','','','Franco','Comotti','1906-07-24','Italian','http://en.wikipedia.org/wiki/Franco_Comotti'),(741,'etancelin','','','Philippe','Etancelin','1896-12-28','French','http://en.wikipedia.org/wiki/Philippe_Etancelin'),(742,'poore','','','Dennis','Poore','1916-08-19','British','http://en.wikipedia.org/wiki/Dennis_Poore'),(743,'thompson','','','Eric','Thompson','1919-11-04','British','http://en.wikipedia.org/wiki/Eric_Thompson_(racing_driver)'),(744,'downing','','','Ken','Downing','1917-12-05','British','http://en.wikipedia.org/wiki/Ken_Downing'),(745,'graham_whitehead','','','Graham','Whitehead','1922-04-15','British','http://en.wikipedia.org/wiki/Graham_Whitehead'),(746,'bianco','','','Gino','Bianco','1916-07-22','Brazilian','http://en.wikipedia.org/wiki/Gino_Bianco'),(747,'murray','','','David','Murray','1909-12-28','British','http://en.wikipedia.org/wiki/David_Murray_(driver)'),(748,'cantoni','','','Eitel','Cantoni','1906-10-04','Uruguayan','http://en.wikipedia.org/wiki/Eitel_Cantoni'),(749,'aston','','','Bill','Aston','1900-03-29','British','http://en.wikipedia.org/wiki/Bill_Aston'),(750,'brudes','','','Adolf','Brudes','1899-10-15','German','http://en.wikipedia.org/wiki/Adolf_Brudes'),(751,'riess','','','Fritz','Riess','1922-07-11','German','http://en.wikipedia.org/wiki/Fritz_Riess'),(752,'niedermayr','','','Helmut','Niedermayr','1915-11-29','German','http://en.wikipedia.org/wiki/Helmut_Niedermayr'),(753,'klenk','','','Hans','Klenk','1919-10-28','German','http://en.wikipedia.org/wiki/Hans_Klenk'),(754,'balsa','','','Marcel','Balsa','1909-01-01','French','http://en.wikipedia.org/wiki/Marcel_Balsa'),(755,'schoeller','','','Rudolf','Schoeller','1902-04-27','Swiss','http://en.wikipedia.org/wiki/Rudolf_Schoeller'),(756,'pietsch','','','Paul','Pietsch','1911-06-20','German','http://en.wikipedia.org/wiki/Paul_Pietsch'),(757,'peters','','','Josef','Peters','1914-09-16','German','http://en.wikipedia.org/wiki/Josef_Peters_(driver)'),(758,'lof','','','Dries','van der Lof','1919-08-23','Dutch','http://en.wikipedia.org/wiki/Dries_van_der_Lof'),(759,'flinterman','','','Jan','Flinterman','1919-10-02','Dutch','http://en.wikipedia.org/wiki/Jan_Flinterman'),(760,'dusio','','','Piero','Dusio','1899-10-13','Italian','http://en.wikipedia.org/wiki/Piero_Dusio'),(761,'crespo','','','Alberto','Crespo','1920-01-16','Argentine','http://en.wikipedia.org/wiki/Alberto_Crespo'),(762,'rol','','','Franco','Rol','1908-06-05','Italian','http://en.wikipedia.org/wiki/Franco_Rol'),(763,'sanesi','','','Consalvo','Sanesi','1911-03-28','Italian','http://en.wikipedia.org/wiki/Consalvo_Sanesi'),(764,'guy_mairesse','','','Guy','Mairesse','1910-08-10','French','http://en.wikipedia.org/wiki/Guy_Mairesse'),(765,'louveau','','','Henri','Louveau','1910-01-25','French','http://en.wikipedia.org/wiki/Henri_Louveau'),(766,'wallard','','','Lee','Wallard','1910-09-07','American','http://en.wikipedia.org/wiki/Lee_Wallard'),(767,'forberg','','','Carl','Forberg','1911-03-04','American','http://en.wikipedia.org/wiki/Carl_Forberg'),(768,'rose','','','Mauri','Rose','1906-05-26','American','http://en.wikipedia.org/wiki/Mauri_Rose'),(769,'mackey','','','Bill','Mackey','1927-12-15','American','http://en.wikipedia.org/wiki/Bill_Mackey'),(770,'green','','','Cecil','Green','1919-09-30','American','http://en.wikipedia.org/wiki/Cecil_Green'),(771,'walt_brown','','','Walt','Brown','1911-12-30','American','http://en.wikipedia.org/wiki/Walt_Brown_(auto_racer)'),(772,'hellings','','','Mack','Hellings','1915-09-14','American','http://en.wikipedia.org/wiki/Mack_Hellings'),(773,'levegh','','','Pierre','Levegh','1905-12-22','French','http://en.wikipedia.org/wiki/Pierre_Levegh'),(774,'chaboud','','','Eugene','Chaboud','1907-04-12','French','http://en.wikipedia.org/wiki/Eugene_Chaboud'),(775,'gordini','','','Aldo','Gordini','1921-05-20','French','http://en.wikipedia.org/wiki/Aldo_Gordini'),(776,'kelly','','','Joe','Kelly','1913-03-13','Irish','http://en.wikipedia.org/wiki/Joe_Kelly_(Formula_One)'),(777,'parker','','','Philip','Fotheringham-Parker','1907-09-22','British','http://en.wikipedia.org/wiki/Philip_Fotheringham-Parker'),(778,'shawe_taylor','','','Brian','Shawe Taylor','1915-01-28','British','http://en.wikipedia.org/wiki/Brian_Shawe_Taylor'),(779,'john_james','','','John','James','1914-05-10','British','http://en.wikipedia.org/wiki/John_James_(auto_racer)'),(780,'branca','','','Toni','Branca','1916-09-15','Swiss','http://en.wikipedia.org/wiki/Toni_Branca'),(781,'richardson','','','Ken','Richardson','1911-08-21','British','http://en.wikipedia.org/wiki/Ken_Richardson_(race_car_driver)'),(782,'jover','','','Juan','Jover','1903-11-23','Spanish','http://en.wikipedia.org/wiki/Juan_Jover'),(783,'grignard','','','Georges','Grignard','1905-07-25','French','http://en.wikipedia.org/wiki/Georges_Grignard'),(784,'hampshire','','','David','Hampshire','1917-12-29','British','http://en.wikipedia.org/wiki/David_Hampshire'),(785,'crossley','','','Geoff','Crossley','1921-05-11','British','http://en.wikipedia.org/wiki/Geoff_Crossley'),(786,'fagioli','','','Luigi','Fagioli','1898-06-09','Italian','http://en.wikipedia.org/wiki/Luigi_Fagioli'),(787,'harrison','','','Cuth','Harrison','1906-07-06','British','http://en.wikipedia.org/wiki/Cuth_Harrison'),(788,'fry','','','Joe','Fry','1915-10-26','British','http://en.wikipedia.org/wiki/Joe_Fry'),(789,'martin','','','Eugene','Martin','1915-03-24','French','http://en.wikipedia.org/wiki/Eugene_Martin'),(790,'leslie_johnson','','','Leslie','Johnson','1912-03-22','British','http://en.wikipedia.org/wiki/Leslie_Johnson_(racing_driver)'),(791,'biondetti','','','Clemente','Biondetti','1898-08-18','Italian','http://en.wikipedia.org/wiki/Clemente_Biondetti'),(792,'pian','','','Alfredo','Pian','1912-10-21','Argentine','http://en.wikipedia.org/wiki/Alfredo_Pian'),(793,'sommer','','','Raymond','Sommer','1906-08-31','French','http://en.wikipedia.org/wiki/Raymond_Sommer'),(794,'chitwood','','','Joie','Chitwood','1912-04-14','American','http://en.wikipedia.org/wiki/Joie_Chitwood'),(795,'fohr','','','Myron','Fohr','1912-06-17','American','http://en.wikipedia.org/wiki/Myron_Fohr'),(796,'ader','','','Walt','Ader','1913-12-15','American','http://en.wikipedia.org/wiki/Walt_Ader'),(797,'holmes','','','Jackie','Holmes','1920-09-04','American','http://en.wikipedia.org/wiki/Jackie_Holmes'),(798,'levrett','','','Bayliss','Levrett','1914-02-14','American','http://en.wikipedia.org/wiki/Bayliss_Levrett'),(799,'jackson','','','Jimmy','Jackson','1910-07-25','American','http://en.wikipedia.org/wiki/Jimmy_Jackson_(driver)'),(800,'pagani','','','Nello','Pagani','1911-10-11','Italian','http://en.wikipedia.org/wiki/Nello_Pagani'),(801,'pozzi','','','Charles','Pozzi','1909-08-27','French','http://en.wikipedia.org/wiki/Charles_Pozzi'),(802,'serafini','','','Dorino','Serafini','1909-07-22','Italian','http://en.wikipedia.org/wiki/Dorino_Serafini'),(803,'cantrell','','','Bill','Cantrell','1908-01-31','American','http://en.wikipedia.org/wiki/William_Cantrell'),(804,'mantz','','','Johnny','Mantz','1918-09-18','American','http://en.wikipedia.org/wiki/Johnny_Mantz'),(805,'kladis','','','Danny','Kladis','1917-02-10','American','http://en.wikipedia.org/wiki/Danny_Kladis'),(806,'oscar_gonzalez','','','Oscar','Gonzalez','1923-11-10','Uruguayan','http://en.wikipedia.org/wiki/Oscar_Gonzalez_(racing_driver)'),(807,'hulkenberg','27','HUL','Nico','Hulkenberg','1987-08-19','German','http://en.wikipedia.org/wiki/Nico_Hulkenberg'),(808,'petrov','','PET','Vitaly','Petrov','1984-09-08','Russian','http://en.wikipedia.org/wiki/Vitaly_Petrov'),(810,'grassi','','DIG','Lucas','di Grassi','1984-08-11','Brazilian','http://en.wikipedia.org/wiki/Lucas_di_Grassi'),(811,'bruno_senna','','SEN','Bruno','Senna','1983-10-15','Brazilian','http://en.wikipedia.org/wiki/Bruno_Senna'),(812,'chandhok','','CHA','Karun','Chandhok','1984-01-19','Indian','http://en.wikipedia.org/wiki/Karul_Chandhok'),(813,'maldonado','13','MAL','Pastor','Maldonado','1985-03-09','Venezuelan','http://en.wikipedia.org/wiki/Pastor_Maldonado'),(814,'resta','','DIR','Paul','di Resta','1986-04-16','British','http://en.wikipedia.org/wiki/Paul_di_Resta'),(815,'perez','11','PER','Sergio','Perez','1990-01-26','Mexican','http://en.wikipedia.org/wiki/Sergio_Perez'),(816,'ambrosio','','DAM','Jerome','d\'Ambrosio','1985-12-27','Belgian','http://en.wikipedia.org/wiki/Jerome_d%27Ambrosio'),(817,'ricciardo','3','RIC','Daniel','Ricciardo','1989-07-01','Australian','http://en.wikipedia.org/wiki/Daniel_Ricciardo'),(818,'vergne','25','VER','Jean-Eric','Vergne','1990-04-25','French','http://en.wikipedia.org/wiki/Jean-Eric_Vergne'),(819,'pic','','PIC','Charles','Pic','1990-02-15','French','http://en.wikipedia.org/wiki/Charles_Pic'),(820,'chilton','4','CHI','Max','Chilton','1991-04-21','British','http://en.wikipedia.org/wiki/Max_Chilton'),(821,'gutierrez','21','GUT','Esteban','Gutierrez','1991-08-05','Mexican','http://en.wikipedia.org/wiki/Esteban_Gutierrez'),(822,'bottas','77','BOT','Valtteri','Bottas','1989-08-28','Finnish','http://en.wikipedia.org/wiki/Valtteri_Bottas'),(823,'garde','','VDG','Giedo','van der Garde','1985-04-25','Dutch','http://en.wikipedia.org/wiki/Giedo_van_der_Garde'),(824,'jules_bianchi','17','BIA','Jules','Bianchi','1989-08-03','French','http://en.wikipedia.org/wiki/Jules_Bianchi'),(825,'kevin_magnussen','20','MAG','Kevin','Magnussen','1992-10-05','Danish','http://en.wikipedia.org/wiki/Kevin_Magnussen'),(826,'kvyat','26','KVY','Daniil','Kvyat','1994-04-26','Russian','http://en.wikipedia.org/wiki/Daniil_Kvyat'),(827,'lotterer','45','LOT','Andre','Lotterer','1981-11-19','German','http://en.wikipedia.org/wiki/Andre_Lotterer'),(828,'ericsson','9','ERI','Marcus','Ericsson','1990-09-02','Swedish','http://en.wikipedia.org/wiki/Marcus_Ericsson'),(829,'stevens','28','STE','Will','Stevens','1991-06-28','British','http://en.wikipedia.org/wiki/Will_Stevens'),(830,'max_verstappen','33','VER','Max','Verstappen','1997-09-30','Dutch','http://en.wikipedia.org/wiki/Max_Verstappen'),(831,'nasr','12','NAS','Felipe','Nasr','1992-08-21','Brazilian','http://en.wikipedia.org/wiki/Felipe_Nasr'),(832,'sainz','55','SAI','Carlos','Sainz','1994-09-01','Spanish','http://en.wikipedia.org/wiki/Carlos_Sainz_Jr.'),(833,'merhi','98','MER','Roberto','Merhi','1991-03-22','Spanish','http://en.wikipedia.org/wiki/Roberto_Merhi'),(834,'rossi','53','RSS','Alexander','Rossi','1991-09-25','American','http://en.wikipedia.org/wiki/Alexander_Rossi_(racing_driver)'),(835,'jolyon_palmer','30','PAL','Jolyon','Palmer','1991-01-20','British','http://en.wikipedia.org/wiki/Jolyon_Palmer'),(836,'wehrlein','94','WEH','Pascal','Wehrlein','1994-10-18','German','http://en.wikipedia.org/wiki/Pascal_Wehrlein'),(837,'haryanto','88','HAR','Rio','Haryanto','1993-01-22','Indonesian','http://en.wikipedia.org/wiki/Rio_Haryanto'),(838,'vandoorne','2','VAN','Stoffel','Vandoorne','1992-03-26','Belgian','http://en.wikipedia.org/wiki/Stoffel_Vandoorne'),(839,'ocon','31','OCO','Esteban','Ocon','1996-09-17','French','http://en.wikipedia.org/wiki/Esteban_Ocon'),(840,'stroll','18','STR','Lance','Stroll','1998-10-29','Canadian','http://en.wikipedia.org/wiki/Lance_Stroll'),(841,'giovinazzi','36','GIO','Antonio','Giovinazzi','1993-12-14','Italian','http://en.wikipedia.org/wiki/Antonio_Giovinazzi'),(843,'brendon_hartley','39','HAR','Brendon','Hartley','1989-11-10','New Zealander','http://en.wikipedia.org/wiki/Brendon_Hartley');
/*!40000 ALTER TABLE `drivers` ENABLE KEYS */;
UNLOCK TABLES;

--
-- Table structure for table `driverstandings`
--

DROP TABLE IF EXISTS `driverstandings`;
/*!40101 SET @saved_cs_client     = @@character_set_client */;
/*!50503 SET character_set_client = utf8mb4 */;
CREATE TABLE `driverstandings` (
  `driverStandingsId` int NOT NULL,
  `raceId` int DEFAULT NULL,
  `driverId` int DEFAULT NULL,
  `points` int DEFAULT NULL,
  `position` int DEFAULT NULL,
  `positionText` varchar(10) DEFAULT NULL,
  `wins` int DEFAULT NULL,
  PRIMARY KEY (`driverStandingsId`),
  KEY `raceId` (`raceId`),
  KEY `driverId` (`driverId`),
  CONSTRAINT `driverstandings_ibfk_1` FOREIGN KEY (`raceId`) REFERENCES `races` (`raceId`),
  CONSTRAINT `driverstandings_ibfk_2` FOREIGN KEY (`driverId`) REFERENCES `drivers` (`driverId`)
) ENGINE=InnoDB DEFAULT CHARSET=utf8mb4 COLLATE=utf8mb4_0900_ai_ci;
/*!40101 SET character_set_client = @saved_cs_client */;

--
-- Dumping data for table `driverstandings`
--

LOCK TABLES `driverstandings` WRITE;
/*!40000 ALTER TABLE `driverstandings` DISABLE KEYS */;
INSERT INTO `driverstandings` VALUES (1,18,1,10,1,'1',1),(2,18,2,8,2,'2',0),(3,18,3,6,3,'3',0),(4,18,4,5,4,'4',0),(5,18,5,4,5,'5',0),(6,18,6,3,6,'6',0),(7,18,7,2,7,'7',0),(8,18,8,1,8,'8',0),(9,19,1,14,1,'1',1),(10,19,2,11,3,'3',0),(11,19,3,6,6,'6',0),(12,19,4,6,7,'7',0),(13,19,5,10,4,'4',0),(14,19,6,3,9,'9',0),(15,19,7,2,10,'10',0),(16,19,8,11,2,'2',1),(17,19,9,8,5,'5',0),(18,19,15,5,8,'8',0),(19,19,17,2,11,'11',0),(20,19,14,0,12,'12',0),(21,19,18,0,13,'13',0),(22,19,12,0,14,'14',0),(23,19,21,0,15,'15',0),(24,19,22,0,16,'16',0),(25,19,19,0,17,'17',0),(26,19,11,0,18,'18',0),(27,20,1,14,3,'3',1),(28,20,2,16,2,'2',0),(29,20,3,7,8,'8',0),(30,20,4,6,9,'9',0),(31,20,5,14,5,'5',0),(32,20,6,3,11,'11',0),(33,20,7,2,12,'12',0),(34,20,8,19,1,'1',1),(35,20,9,14,4,'4',0),(36,20,15,8,7,'7',0),(37,20,17,4,10,'10',0),(38,20,14,0,13,'13',0),(39,20,18,0,15,'15',0),(40,20,12,0,17,'17',0),(41,20,21,0,18,'18',0),(42,20,22,0,16,'16',0),(43,20,19,0,19,'19',0),(44,20,11,0,20,'20',0),(45,20,13,10,6,'6',1),(46,20,10,0,14,'14',0),(47,20,16,0,21,'21',0),(48,21,1,20,2,'2',1),(49,21,2,16,5,'5',0),(50,21,3,7,9,'9',0),(51,21,4,6,10,'10',0),(52,21,5,14,6,'6',0),(53,21,6,5,11,'11',0),(54,21,7,2,13,'13',0),(55,21,8,29,1,'1',2),(56,21,9,19,3,'3',0),(57,21,15,9,7,'7',0),(58,21,17,8,8,'8',0),(59,21,14,0,15,'15',0),(60,21,18,3,12,'12',0),(61,21,12,0,18,'18',0),(62,21,21,0,16,'16',0),(63,21,22,0,17,'17',0),(64,21,19,0,20,'20',0),(65,21,11,0,19,'19',0),(66,21,13,18,4,'4',1),(67,21,10,0,14,'14',0),(68,21,16,0,21,'21',0),(69,22,1,28,3,'3',1),(70,22,2,20,5,'5',0),(71,22,3,8,10,'10',0),(72,22,4,9,8,'8',0),(73,22,5,14,6,'6',0),(74,22,6,5,11,'11',0),(75,22,7,2,13,'13',0),(76,22,8,35,1,'1',2),(77,22,9,24,4,'4',0),(78,22,15,9,9,'9',0),(79,22,17,10,7,'7',0),(80,22,14,0,14,'14',0),(81,22,18,3,12,'12',0),(82,22,12,0,18,'18',0),(83,22,21,0,16,'16',0),(84,22,22,0,17,'17',0),(85,22,19,0,20,'20',0),(86,22,11,0,19,'19',0),(87,22,13,28,2,'2',2),(88,22,10,0,15,'15',0),(89,22,16,0,21,'21',0),(90,22,20,0,22,'22',0),(91,23,1,38,1,'1',2),(92,23,2,20,5,'5',0),(93,23,3,8,10,'10',0),(94,23,4,9,8,'8',0),(95,23,5,15,6,'6',0),(96,23,6,7,11,'11',0),(97,23,7,2,15,'15',0),(98,23,8,35,2,'2',2),(99,23,9,32,4,'4',0),(100,23,15,9,9,'9',0),(101,23,17,15,7,'7',0),(102,23,14,0,16,'16',0),(103,23,18,3,13,'13',0),(104,23,12,0,19,'19',0),(105,23,21,0,18,'18',0),(106,23,22,3,14,'14',0),(107,23,19,0,21,'21',0),(108,23,11,0,20,'20',0),(109,23,13,34,3,'3',2),(110,23,10,0,17,'17',0),(111,23,16,0,22,'22',0),(112,23,20,4,12,'12',0),(113,24,1,38,2,'2',2),(114,24,2,28,5,'5',0),(115,24,3,8,10,'10',0),(116,24,4,9,9,'9',0),(117,24,5,15,6,'6',0),(118,24,6,7,11,'11',0),(119,24,7,2,17,'17',0),(120,24,8,35,4,'4',2),(121,24,9,42,1,'1',1),(122,24,15,12,8,'8',0),(123,24,17,15,7,'7',0),(124,24,14,6,12,'12',0),(125,24,18,3,16,'16',0),(126,24,12,0,19,'19',0),(127,24,21,0,18,'18',0),(128,24,22,5,15,'15',0),(129,24,19,0,21,'21',0),(130,24,11,0,20,'20',0),(131,24,13,38,3,'3',2),(132,24,10,5,13,'13',0),(133,24,16,0,22,'22',0),(134,24,20,5,14,'14',0),(135,25,1,38,4,'4',2),(136,25,2,28,5,'5',0),(137,25,3,8,10,'10',0),(138,25,4,10,9,'9',0),(139,25,5,20,6,'6',0),(140,25,6,7,11,'11',0),(141,25,7,2,18,'18',0),(142,25,8,43,3,'3',2),(143,25,9,46,2,'2',1),(144,25,15,18,7,'7',0),(145,25,17,18,8,'8',0),(146,25,14,6,12,'12',0),(147,25,18,3,16,'16',0),(148,25,12,2,17,'17',0),(149,25,21,0,19,'19',0),(150,25,22,5,15,'15',0),(151,25,19,0,21,'21',0),(152,25,11,0,20,'20',0),(153,25,13,48,1,'1',3),(154,25,10,5,13,'13',0),(155,25,16,0,22,'22',0),(156,25,20,5,14,'14',0),(157,26,1,48,1,'1',3),(158,26,2,36,5,'5',0),(159,26,3,8,11,'11',0),(160,26,4,13,9,'9',0),(161,26,5,24,6,'6',0),(162,26,6,8,12,'12',0),(163,26,7,2,17,'17',0),(164,26,8,48,3,'3',2),(165,26,9,46,4,'4',1),(166,26,15,20,7,'7',0),(167,26,17,18,8,'8',0),(168,26,14,6,13,'13',0),(169,26,18,3,16,'16',0),(170,26,12,2,18,'18',0),(171,26,21,0,19,'19',0),(172,26,22,11,10,'10',0),(173,26,19,0,21,'21',0),(174,26,11,0,20,'20',0),(175,26,13,48,2,'2',3),(176,26,10,5,14,'14',0),(177,26,16,0,22,'22',0),(178,26,20,5,15,'15',0),(179,27,1,58,1,'1',4),(180,27,2,41,5,'5',0),(181,27,3,8,12,'12',0),(182,27,4,13,9,'9',0),(183,27,5,28,6,'6',0),(184,27,6,8,13,'13',0),(185,27,7,2,18,'18',0),(186,27,8,51,3,'3',2),(187,27,9,48,4,'4',1),(188,27,15,20,7,'7',0),(189,27,17,18,8,'8',0),(190,27,14,6,14,'14',0),(191,27,18,3,17,'17',0),(192,27,12,10,11,'11',0),(193,27,21,0,19,'19',0),(194,27,22,11,10,'10',0),(195,27,19,0,22,'22',0),(196,27,11,0,20,'20',0),(197,27,13,54,2,'2',3),(198,27,10,5,16,'16',0),(199,27,16,0,21,'21',0),(200,27,20,6,15,'15',0);
/*!40000 ALTER TABLE `driverstandings` ENABLE KEYS */;
UNLOCK TABLES;

--
-- Table structure for table `pitstops`
--

DROP TABLE IF EXISTS `pitstops`;
/*!40101 SET @saved_cs_client     = @@character_set_client */;
/*!50503 SET character_set_client = utf8mb4 */;
CREATE TABLE `pitstops` (
  `raceId` int NOT NULL,
  `driverId` int NOT NULL,
  `stop` int NOT NULL,
  `lap` int DEFAULT NULL,
  `time` time DEFAULT NULL,
  `duration` varchar(20) DEFAULT NULL,
  `milliseconds` int DEFAULT NULL,
  PRIMARY KEY (`raceId`,`driverId`,`stop`),
  KEY `driverId` (`driverId`),
  CONSTRAINT `pitstops_ibfk_1` FOREIGN KEY (`raceId`) REFERENCES `races` (`raceId`),
  CONSTRAINT `pitstops_ibfk_2` FOREIGN KEY (`driverId`) REFERENCES `drivers` (`driverId`)
) ENGINE=InnoDB DEFAULT CHARSET=utf8mb4 COLLATE=utf8mb4_0900_ai_ci;
/*!40101 SET character_set_client = @saved_cs_client */;

--
-- Dumping data for table `pitstops`
--

LOCK TABLES `pitstops` WRITE;
/*!40000 ALTER TABLE `pitstops` DISABLE KEYS */;
INSERT INTO `pitstops` VALUES (841,1,1,16,'17:28:24','23.227',23227),(841,1,2,36,'17:59:29','23.199',23199),(841,2,1,15,'17:27:41','22.994',22994),(841,2,2,30,'17:51:32','25.098',25098),(841,3,1,16,'17:29:00','23.716',23716),(841,4,1,12,'17:22:34','23.251',23251),(841,4,2,27,'17:46:04','24.733',24733),(841,4,3,42,'18:09:08','24.181',24181),(841,5,1,17,'17:31:11','24.865',24865),(841,10,1,18,'17:33:02','23.792',23792),(841,13,1,13,'17:24:10','23.842',23842),(841,13,2,31,'17:52:28','24.500',24500),(841,13,3,48,'18:18:54','24.095',24095),(841,15,1,16,'17:29:49','24.899',24899),(841,15,2,37,'18:03:55','24.848',24848),(841,16,1,16,'17:29:08','25.978',25978),(841,16,2,37,'18:02:15','23.871',23871),(841,17,1,11,'17:20:48','23.426',23426),(841,17,2,26,'17:44:29','22.520',22520),(841,17,3,41,'18:07:37','26.230',26230),(841,18,1,17,'17:30:24','16.867',16867),(841,18,2,19,'17:33:53','23.303',23303),(841,18,3,37,'18:01:49','22.681',22681),(841,20,1,14,'17:25:17','22.603',22603),(841,20,2,36,'17:59:17','24.036',24036),(841,22,1,13,'17:24:29','23.643',23643),(841,22,2,23,'17:40:45','37.856',37856),(841,22,3,28,'17:49:07','16.892',16892),(841,22,4,40,'18:08:03','26.309',26309),(841,30,1,1,'17:05:52','25.021',25021),(841,30,2,17,'17:32:08','23.988',23988),(841,67,1,15,'17:27:34','25.342',25342),(841,67,2,29,'17:49:47','23.100',23100),(841,153,1,1,'17:05:23','26.898',26898),(841,153,2,17,'17:31:06','24.463',24463),(841,153,3,35,'17:59:45','26.348',26348),(841,155,1,16,'17:29:06','24.064',24064),(841,155,2,32,'17:54:21','24.192',24192),(841,808,1,16,'17:28:39','24.535',24535),(841,808,2,36,'17:59:47','25.683',25683),(841,814,1,14,'17:26:03','24.863',24863),(841,814,2,36,'18:00:48','24.332',24332),(841,815,1,23,'17:40:27','23.438',23438),(841,816,1,14,'17:26:50','25.259',25259),(841,816,2,38,'18:06:53','26.446',26446),(842,1,1,12,'16:24:40','22.552',22552),(842,1,2,24,'16:45:48','22.611',22611),(842,1,3,37,'17:08:28','25.382',25382),(842,1,4,52,'17:34:48','22.466',22466),(842,2,1,13,'16:26:28','23.900',23900),(842,2,2,26,'16:49:31','23.221',23221),(842,2,3,39,'17:12:09','22.602',22602),(842,3,1,15,'16:30:37','24.967',24967),(842,3,2,29,'16:55:28','22.577',22577),(842,3,3,40,'17:15:05','22.526',22526),(842,4,1,14,'16:28:15','23.152',23152),(842,4,2,26,'16:49:19','23.894',23894),(842,4,3,41,'17:15:25','23.812',23812),(842,4,4,46,'17:24:24','27.182',27182),(842,5,1,15,'16:30:37','29.084',29084),(842,5,2,34,'17:04:41','23.336',23336),(842,10,1,17,'16:34:28','24.617',24617),(842,10,2,34,'17:05:19','24.429',24429),(842,13,1,13,'16:26:30','29.224',29224),(842,13,2,27,'16:51:17','22.541',22541),(842,13,3,38,'17:10:28','22.893',22893),(842,15,1,13,'16:27:03','25.516',25516),(842,16,1,3,'16:09:07','31.694',31694),(842,16,2,16,'16:32:31','22.046',22046),(842,16,3,32,'17:00:56','22.550',22550),(842,17,1,10,'16:21:21','22.572',22572),(842,17,2,22,'16:42:37','21.991',21991),(842,17,3,32,'17:00:01','22.069',22069),(842,17,4,43,'17:19:10','22.161',22161),(842,18,1,13,'16:26:29','22.400',22400),(842,18,2,23,'16:44:11','22.471',22471),(842,18,3,38,'17:10:13','22.483',22483),(842,20,1,13,'16:26:17','23.019',23019),(842,20,2,25,'16:47:27','21.893',21893),(842,20,3,41,'17:15:08','22.313',22313),(842,22,1,3,'16:10:04','32.978',32978),(842,22,2,17,'16:35:41','24.502',24502),(842,24,1,17,'16:34:56','27.815',27815),(842,24,2,38,'17:13:32','26.554',26554),(842,24,3,44,'17:25:07','38.823',38823),(842,30,1,14,'16:28:34','22.576',22576),(842,30,2,28,'16:53:26','22.261',22261),(842,30,3,42,'17:18:08','22.227',22227),(842,67,1,15,'16:30:23','23.280',23280),(842,67,2,20,'16:39:30','29.843',29843),(842,67,3,32,'17:01:03','27.439',27439),(842,153,1,16,'16:32:25','23.584',23584),(842,153,2,32,'17:00:55','22.888',22888),(842,155,1,17,'16:33:53','23.280',23280),(842,155,2,36,'17:07:26','23.442',23442),(842,808,1,15,'16:30:10','23.182',23182),(842,808,2,27,'16:51:25','22.680',22680),(842,808,3,44,'17:21:08','28.694',28694),(842,814,1,11,'16:23:16','22.773',22773),(842,814,2,24,'16:46:20','22.419',22419),(842,814,3,37,'17:09:21','23.977',23977),(842,815,1,17,'16:34:14','23.597',23597),(842,816,1,17,'16:34:39','26.252',26252),(842,816,2,35,'17:07:20','24.416',24416),(843,1,1,15,'15:29:49','20.878',20878),(843,1,2,25,'15:47:20','20.533',20533),(843,1,3,38,'16:09:38','20.567',20567),(843,2,1,18,'15:35:28','22.216',22216),(843,2,2,30,'15:56:29','21.821',21821),(843,3,1,12,'15:24:32','20.771',20771),(843,3,2,25,'15:47:13','22.005',22005),(843,3,3,39,'16:11:19','20.720',20720),(843,4,1,16,'15:31:34','22.524',22524),(843,4,2,32,'15:59:39','21.251',21251),(843,5,1,19,'15:37:31','22.485',22485),(843,5,2,40,'16:14:27','21.890',21890),(843,10,1,16,'15:32:33','22.683',22683),(843,10,2,28,'15:54:22','21.908',21908),(843,10,3,39,'16:14:17','33.827',33827),(843,13,1,15,'15:29:47','21.624',21624),(843,13,2,33,'16:01:04','21.168',21168),(843,15,1,20,'15:39:24','23.029',23029),(843,15,2,42,'16:18:14','22.260',22260),(843,16,1,15,'15:30:01','20.989',20989),(843,16,2,30,'15:56:26','21.058',21058),(843,16,3,47,'16:26:24','28.708',28708),(843,17,1,10,'15:21:27','23.442',23442),(843,17,2,25,'15:47:44','21.132',21132),(843,17,3,40,'16:13:29','21.091',21091),(843,18,1,14,'15:27:59','23.779',23779),(843,18,2,24,'15:45:35','20.758',20758),(843,18,3,37,'16:08:00','21.237',21237),(843,20,1,14,'15:28:00','21.995',21995),(843,20,2,31,'15:57:37','21.533',21533),(843,22,1,16,'15:32:01','21.709',21709),(843,22,2,35,'16:05:24','21.481',21481),(843,24,1,9,'15:20:00','14.160',14160),(843,24,2,21,'15:42:05','24.467',24467),(843,24,3,45,'16:25:39','23.499',23499),(843,30,1,10,'15:21:12','20.522',20522),(843,30,2,26,'15:49:15','21.964',21964),(843,30,3,39,'16:11:49','21.400',21400),(843,39,1,23,'15:45:28','26.049',26049),(843,67,1,12,'15:24:56','22.010',22010),(843,67,2,16,'15:32:19','24.722',24722),(843,67,3,33,'16:02:13','21.928',21928),(843,153,1,9,'15:19:36','22.419',22419),(843,155,1,14,'15:28:17','21.855',21855),(843,155,2,30,'15:56:28','21.936',21936),(843,808,1,17,'15:33:36','21.981',21981),(843,808,2,37,'16:08:34','22.005',22005),(843,813,1,10,'15:21:35','23.160',23160),(843,813,2,25,'15:48:09','22.062',22062),(843,813,3,40,'16:14:36','27.620',27620),(843,814,1,11,'15:22:57','21.989',21989),(843,814,2,32,'15:59:51','21.218',21218),(843,815,1,16,'15:31:55','21.473',21473),(843,815,2,36,'16:06:55','23.397',23397),(843,815,3,48,'16:28:01','13.900',13900),(843,815,4,50,'16:31:39','28.845',28845),(843,816,1,20,'15:39:50','22.901',22901),(843,816,2,34,'16:05:10','22.802',22802),(844,1,1,9,'15:17:38','20.833',20833),(844,1,2,20,'15:35:09','21.075',21075),(844,1,3,34,'15:57:04','35.688',35688),(844,1,4,46,'16:15:51','22.041',22041),(844,2,1,10,'15:19:16','22.300',22300),(844,2,2,22,'15:38:25','21.919',21919),(844,2,3,36,'16:00:31','20.872',20872),(844,2,4,46,'16:16:10','21.884',21884),(844,3,1,10,'15:19:09','22.573',22573),(844,3,2,22,'15:38:24','20.927',20927),(844,3,3,33,'15:55:49','20.949',20949),(844,3,4,44,'16:12:55','20.308',20308),(844,4,1,10,'15:19:05','21.308',21308),(844,4,2,23,'15:39:35','21.732',21732),(844,4,3,36,'15:59:49','21.702',21702),(844,4,4,46,'16:15:17','21.379',21379),(844,5,1,15,'15:27:42','22.854',22854),(844,5,2,31,'15:53:27','21.633',21633),(844,5,3,53,'16:28:36','23.114',23114),(844,13,1,9,'15:17:37','22.022',22022),(844,13,2,23,'15:39:58','21.322',21322),(844,13,3,34,'15:57:22','23.471',23471),(844,13,4,46,'16:16:13','26.685',26685),(844,15,1,13,'15:24:28','23.066',23066),(844,15,2,25,'15:43:47','22.862',22862),(844,15,3,39,'16:06:10','22.219',22219),(844,16,1,10,'15:19:22','21.649',21649),(844,16,2,25,'15:43:21','21.084',21084),(844,16,3,40,'16:07:05','21.006',21006),(844,17,1,10,'15:19:04','21.050',21050),(844,17,2,21,'15:36:27','20.421',20421),(844,17,3,35,'15:58:20','20.843',20843),(844,17,4,45,'16:13:49','22.087',22087),(844,18,1,13,'15:23:57','21.368',21368),(844,18,2,26,'15:44:37','22.639',22639),(844,18,3,39,'16:05:05','21.417',21417),(844,20,1,11,'15:20:32','20.623',20623),(844,20,2,25,'15:42:31','20.112',20112),(844,20,3,40,'16:05:46','20.385',20385),(844,20,4,47,'16:16:40','20.489',20489),(844,22,1,10,'15:19:20','22.717',22717),(844,22,2,24,'15:41:43','22.868',22868),(844,22,3,40,'16:07:01','21.687',21687),(844,24,1,15,'15:28:03','24.634',24634),(844,24,2,16,'15:30:57','56.611',56611),(844,24,3,35,'16:02:57','25.125',25125),(844,24,4,37,'16:07:22','43.603',43603),(844,30,1,2,'15:06:35','30.182',30182),(844,30,2,14,'15:26:02','20.907',20907),(844,30,3,30,'15:51:13','20.379',20379),(844,30,4,45,'16:14:46','20.597',20597),(844,39,1,14,'15:26:26','27.353',27353),(844,39,2,27,'15:47:59','24.962',24962),(844,39,3,45,'16:17:26','24.474',24474),(844,67,1,9,'15:17:47','21.769',21769),(844,67,2,23,'15:40:07','22.128',22128),(844,67,3,40,'16:06:48','22.032',22032),(844,153,1,13,'15:24:25','22.713',22713),(844,153,2,29,'15:49:46','21.826',21826),(844,153,3,39,'16:05:31','21.986',21986),(844,153,4,55,'16:30:31','21.931',21931),(844,155,1,13,'15:24:09','21.820',21820),(844,155,2,23,'15:40:15','23.455',23455),(844,155,3,38,'16:03:58','22.456',22456),(844,808,1,8,'15:16:06','21.422',21422),(844,808,2,19,'15:33:42','21.323',21323),(844,808,3,34,'15:57:21','21.838',21838),(844,808,4,45,'16:14:37','21.662',21662),(844,813,1,11,'15:21:09','23.881',23881),(844,813,2,25,'15:43:41','22.555',22555),(844,813,3,41,'16:09:04','21.827',21827),(844,813,4,45,'16:15:30','13.925',13925),(844,814,1,11,'15:21:00','20.775',20775),(844,814,2,24,'15:41:50','20.930',20930),(844,814,3,32,'15:54:38','20.887',20887),(844,814,4,44,'16:13:28','21.403',21403),(844,815,1,1,'15:05:18','29.270',29270),(844,815,2,16,'15:29:30','22.895',22895),(844,815,3,32,'15:54:42','22.365',22365),(844,815,4,42,'16:10:21','21.715',21715),(844,816,1,16,'15:29:37','22.779',22779),(844,816,2,33,'15:57:20','24.837',24837),(845,1,1,11,'14:19:57','19.761',19761),(845,1,2,23,'14:38:08','20.235',20235),(845,1,3,35,'14:56:14','20.473',20473),(845,1,4,49,'15:17:11','20.988',20988),(845,2,1,21,'14:36:21','21.322',21322),(845,2,2,36,'14:59:22','21.953',21953),(845,2,3,50,'15:20:32','20.796',20796),(845,3,1,11,'14:20:17','20.647',20647),(845,3,2,27,'14:45:01','19.534',19534),(845,3,3,42,'15:07:53','20.395',20395),(845,4,1,10,'14:18:23','20.567',20567),(845,4,2,19,'14:32:13','20.238',20238),(845,4,3,29,'14:47:26','20.738',20738),(845,4,4,39,'15:02:54','20.380',20380),(845,5,1,16,'14:28:30','21.019',21019),(845,5,2,28,'14:47:28','20.807',20807),(845,5,3,41,'15:07:42','23.068',23068),(845,10,1,16,'14:29:00','22.744',22744),(845,10,2,38,'15:03:54','21.632',21632),(845,10,3,53,'15:27:29','21.170',21170),(845,13,1,11,'14:20:19','20.800',20800),(845,13,2,21,'14:35:51','21.635',21635),(845,13,3,36,'14:58:48','22.419',22419),(845,15,1,15,'14:26:50','22.364',22364),(845,15,2,29,'14:48:41','21.723',21723),(845,15,3,43,'15:10:27','23.001',23001),(845,16,1,13,'14:23:57','20.773',20773),(845,16,2,30,'14:50:19','20.267',20267),(845,16,3,48,'15:17:54','23.230',23230),(845,17,1,10,'14:18:27','20.881',20881),(845,17,2,19,'14:32:16','20.079',20079),(845,17,3,29,'14:47:27','20.279',20279),(845,17,4,47,'15:14:50','19.984',19984),(845,18,1,14,'14:24:51','20.015',20015),(845,18,2,30,'14:49:06','20.763',20763),(845,18,3,48,'15:16:10','20.107',20107),(845,20,1,9,'14:16:54','20.253',20253),(845,20,2,18,'14:30:44','19.887',19887),(845,20,3,34,'14:54:42','20.426',20426),(845,20,4,48,'15:15:41','20.292',20292),(845,22,1,11,'14:20:48','29.936',29936),(845,22,2,23,'14:39:40','21.226',21226),(845,22,3,35,'14:58:09','20.650',20650),(845,22,4,54,'15:27:32','20.637',20637),(845,24,1,16,'14:28:55','23.157',23157),(845,30,1,10,'14:18:43','20.084',20084),(845,30,2,26,'14:43:25','20.487',20487),(845,30,3,41,'15:06:21','20.451',20451),(845,39,1,14,'14:25:56','24.843',24843),(845,39,2,28,'14:48:52','24.448',24448),(845,39,3,47,'15:19:38','24.298',24298),(845,67,1,9,'14:17:17','20.818',20818),(845,67,2,25,'14:42:10','24.745',24745),(845,67,3,42,'15:08:31','20.819',20819),(845,153,1,11,'14:20:28','20.741',20741),(845,153,2,24,'14:40:47','20.872',20872),(845,153,3,36,'14:59:25','21.019',21019),(845,153,4,50,'15:21:09','23.143',23143),(845,155,1,1,'14:05:11','24.871',24871),(845,155,2,25,'14:42:46','21.128',21128),(845,155,3,44,'15:11:40','20.500',20500),(845,808,1,11,'14:20:14','21.856',21856),(845,808,2,26,'14:43:33','24.232',24232),(845,808,3,41,'15:06:36','21.739',21739),(845,813,1,8,'14:15:48','22.689',22689),(845,813,2,20,'14:34:36','24.821',24821),(845,813,3,36,'14:59:14','21.574',21574),(845,813,4,53,'15:25:26','22.077',22077),(845,814,1,15,'14:26:40','20.070',20070),(845,814,2,32,'14:53:02','20.126',20126),(845,814,3,51,'15:22:03','20.573',20573),(845,815,1,7,'14:14:14','23.592',23592),(845,815,2,29,'14:48:40','21.143',21143),(845,815,3,47,'15:16:00','21.829',21829),(845,816,1,17,'14:30:41','23.176',23176),(845,816,2,34,'14:58:05','22.982',22982),(845,816,3,49,'15:21:44','21.708',21708),(846,1,1,22,'14:33:00','31.445',31445),(846,1,2,43,'15:03:45','19.347',19347),(846,1,3,49,'15:12:04','26.977',26977),(846,2,1,33,'14:48:15','25.851',25851),(846,2,2,69,'15:40:13','26.281',26281),(846,3,1,15,'14:23:33','25.189',25189),(846,3,2,33,'14:48:50','25.310',25310),(846,3,3,53,'15:18:33','25.116',25116),(846,4,1,17,'14:25:41','25.352',25352),(846,4,2,34,'14:48:45','31.382',31382),(846,5,1,19,'14:29:21','26.477',26477),(846,5,2,52,'15:17:38','25.878',25878),(846,10,1,22,'14:33:33','26.827',26827),(846,13,1,26,'14:38:20','26.615',26615),(846,15,1,24,'14:36:13','25.595',25595),(846,15,2,46,'15:09:08','26.065',26065),(846,16,1,34,'14:49:51','25.037',25037),(846,16,2,68,'15:37:52','27.879',27879),(846,17,1,16,'14:24:32','37.735',37735),(846,17,2,55,'15:19:56','26.269',26269),(846,18,1,15,'14:22:57','25.280',25280),(846,18,2,33,'14:46:57','26.421',26421),(846,18,3,48,'15:09:55','24.670',24670),(846,20,1,16,'14:24:15','28.536',28536),(846,22,1,32,'14:46:47','25.921',25921),(846,22,2,68,'15:38:54','25.675',25675),(846,24,1,32,'14:49:02','28.298',28298),(846,30,1,12,'14:19:30','35.084',35084),(846,39,1,25,'14:38:46','28.325',28325),(846,39,2,33,'14:51:08','39.917',39917),(846,67,1,33,'14:48:16','26.073',26073),(846,67,2,62,'15:30:24','25.045',25045),(846,153,1,29,'14:43:07','25.907',25907),(846,153,2,56,'15:22:30','27.550',27550),(846,155,1,34,'14:49:49','28.642',28642),(846,808,1,28,'14:41:17','28.856',28856),(846,813,1,25,'14:37:09','26.468',26468),(846,813,2,54,'15:18:38','25.687',25687),(846,814,1,20,'14:30:24','24.970',24970),(846,814,2,27,'14:40:23','19.360',19360),(846,814,3,32,'14:47:35','47.226',47226),(846,816,1,33,'14:49:39','27.577',27577),(846,816,2,63,'15:33:21','26.464',26464),(847,2,1,35,'16:10:18','23.113',23113),(847,2,2,52,'16:37:57','23.364',23364),(847,3,1,17,'13:31:28','23.105',23105),(847,3,2,19,'13:35:10','22.986',22986),(847,3,3,36,'16:11:57','22.735',22735),(847,3,4,53,'16:39:36','22.702',22702),(847,4,1,17,'13:31:21','23.893',23893),(847,4,2,19,'13:34:54','26.348',26348),(847,4,3,36,'16:11:54','26.129',26129),(847,5,1,19,'13:35:26','44.037',44037),(847,10,1,34,'16:08:50','24.425',24425),(847,10,2,51,'16:37:16','25.079',25079),(847,13,1,21,'13:38:09','24.886',24886),(847,13,2,36,'16:11:50','22.742',22742),(847,13,3,52,'16:37:52','22.560',22560),(847,13,4,53,'16:39:50','28.346',28346),(847,15,1,19,'13:35:28','51.684',51684),(847,15,2,36,'16:12:14','23.332',23332),(847,15,3,52,'16:38:45','25.140',25140),(847,16,1,16,'13:30:09','24.052',24052),(847,16,2,34,'16:08:49','22.923',22923),(847,16,3,45,'16:27:43','14.565',14565),(847,16,4,49,'16:33:51','32.449',32449),(847,17,1,20,'13:36:40','29.546',29546),(847,17,2,36,'16:11:53','22.402',22402),(847,17,3,50,'16:35:03','22.770',22770),(847,18,1,8,'13:15:11','23.650',23650),(847,18,2,13,'13:25:10','14.501',14501),(847,18,3,19,'13:35:02','23.868',23868),(847,18,4,35,'16:10:22','23.589',23589),(847,18,5,37,'16:14:55','31.718',31718),(847,18,6,51,'16:36:41','23.741',23741),(847,20,1,20,'13:36:13','23.872',23872),(847,20,2,37,'16:13:21','22.958',22958),(847,20,3,53,'16:39:07','22.526',22526),(847,22,1,15,'13:28:31','23.305',23305),(847,22,2,19,'13:35:21','25.066',25066),(847,22,3,34,'16:08:51','24.684',24684),(847,22,4,50,'16:35:12','23.059',23059),(847,24,1,9,'13:17:25','27.202',27202),(847,24,2,35,'16:10:48','34.897',34897),(847,24,3,52,'16:39:20','33.278',33278),(847,30,1,18,'13:33:04','24.472',24472),(847,30,2,21,'13:38:51','24.196',24196),(847,30,3,34,'16:08:48','22.832',22832),(847,30,4,52,'16:37:50','22.869',22869),(847,37,1,35,'16:10:23','30.288',30288),(847,37,2,52,'16:38:22','24.039',24039),(847,39,1,37,'16:14:01','29.115',29115),(847,39,2,51,'16:37:38','29.540',29540),(847,67,1,17,'13:31:50','23.949',23949),(847,67,2,20,'13:37:27','24.649',24649),(847,67,3,34,'16:08:53','23.970',23970),(847,67,4,50,'16:35:23','26.561',26561),(847,153,1,19,'13:35:14','26.045',26045),(847,153,2,35,'16:10:26','24.863',24863),(847,153,3,51,'16:36:45','23.338',23338),(847,155,1,36,'16:11:49','23.687',23687),(847,155,2,53,'16:39:22','24.618',24618),(847,808,1,36,'16:11:52','23.816',23816),(847,808,2,53,'16:39:31','24.145',24145),(847,813,1,17,'13:31:45','23.571',23571),(847,813,2,19,'13:35:30','24.943',24943),(847,813,3,35,'16:10:29','23.593',23593),(847,813,4,51,'16:36:46','23.700',23700),(847,813,5,61,'16:53:19','31.701',31701),(847,814,1,35,'16:10:20','22.479',22479),(847,814,2,43,'16:24:38','28.630',28630),(847,814,3,50,'16:35:33','14.538',14538),(847,814,4,53,'16:40:04','23.129',23129),(847,816,1,17,'13:32:07','24.143',24143),(847,816,2,23,'13:43:32','30.497',30497),(847,816,3,33,'16:07:00','24.655',24655),(847,816,4,36,'16:12:15','14.538',14538),(847,816,5,52,'16:38:56','30.714',30714),(848,1,1,12,'14:24:49','20.340',20340),(848,1,2,24,'14:46:06','21.035',21035),(848,1,3,42,'15:17:41','20.212',20212),(848,2,1,11,'14:23:23','22.114',22114),(848,2,2,27,'14:52:04','22.285',22285),(848,2,3,40,'15:15:10','21.472',21472),(848,3,1,12,'14:25:02','21.054',21054),(848,3,2,30,'14:57:07','23.547',23547),(848,3,3,45,'15:23:36','20.896',20896),(848,4,1,14,'14:28:15','21.477',21477),(848,4,2,29,'14:54:36','20.551',20551),(848,4,3,45,'15:22:21','20.136',20136),(848,5,1,14,'14:29:11','23.241',23241),(848,5,2,26,'14:51:06','21.126',21126),(848,5,3,42,'15:19:57','22.632',22632),(848,10,1,17,'14:34:56','21.900',21900),(848,10,2,42,'15:20:26','22.030',22030),(848,13,1,15,'14:30:07','20.718',20718),(848,13,2,31,'14:58:23','25.537',25537),(848,13,3,48,'15:28:09','20.404',20404),(848,15,1,18,'14:36:30','23.327',23327),(848,15,2,34,'15:05:36','22.131',22131),(848,16,1,12,'14:25:09','20.676',20676),(848,16,2,28,'14:53:47','20.286',20286),(848,16,3,43,'15:20:21','21.036',21036),(848,17,1,13,'14:26:28','20.465',20465),(848,17,2,28,'14:52:53','20.319',20319),(848,17,3,42,'15:17:11','20.367',20367),(848,18,1,14,'14:28:31','20.997',20997),(848,18,2,30,'14:56:46','20.325',20325),(848,18,3,48,'15:28:21','20.479',20479),(848,20,1,14,'14:28:11','21.006',21006),(848,20,2,30,'14:56:16','20.441',20441),(848,20,3,47,'15:25:39','20.331',20331),(848,22,1,11,'14:23:27','21.163',21163),(848,22,2,28,'14:53:53','21.262',21262),(848,22,3,40,'15:15:16','21.286',21286),(848,24,1,15,'14:31:23','24.459',24459),(848,24,2,28,'14:55:33','22.766',22766),(848,24,3,43,'15:23:02','22.235',22235),(848,30,1,14,'14:28:40','21.201',21201),(848,30,2,15,'14:30:59','30.665',30665),(848,30,3,31,'14:59:40','21.168',21168),(848,39,1,14,'14:29:43','28.030',28030),(848,39,2,29,'14:58:17','24.675',24675),(848,39,3,44,'15:26:13','26.059',26059),(848,67,1,14,'14:28:54','21.321',21321),(848,67,2,26,'14:50:28','20.460',20460),(848,67,3,45,'15:24:07','20.995',20995),(848,153,1,19,'14:37:50','21.391',21391),(848,153,2,42,'15:18:33','21.103',21103),(848,155,1,11,'14:23:29','23.492',23492),(848,155,2,33,'15:03:14','20.545',20545),(848,808,1,15,'14:30:49','22.104',22104),(848,808,2,27,'14:52:26','21.168',21168),(848,808,3,39,'15:13:41','21.105',21105),(848,813,1,10,'14:22:02','21.301',21301),(848,813,2,28,'14:54:30','21.805',21805),(848,813,3,44,'15:23:06','21.490',21490),(848,814,1,14,'14:28:51','20.567',20567),(848,814,2,27,'14:52:08','20.818',20818),(848,814,3,44,'15:22:18','21.069',21069),(848,815,1,25,'14:48:56','21.939',21939),(848,816,1,18,'14:36:56','21.943',21943),(848,816,2,37,'15:11:48','22.250',22250),(849,1,1,12,'13:25:49','25.100',25100),(849,1,2,24,'13:46:21','24.065',24065),(849,1,3,37,'14:07:50','23.340',23340),(849,2,1,10,'13:22:37','24.716',24716),(849,2,2,30,'13:57:06','24.434',24434),(849,3,1,12,'13:26:12','24.722',24722),(849,3,2,30,'13:56:50','24.399',24399),(849,4,1,12,'13:25:42','26.566',26566),(849,4,2,27,'13:51:15','23.974',23974),(849,4,3,39,'14:10:50','23.474',23474),(849,10,1,11,'13:24:52','25.416',25416),(849,10,2,30,'13:58:43','24.959',24959),(849,13,1,13,'13:27:39','24.159',24159),(849,13,2,26,'13:49:48','23.929',23929),(849,13,3,41,'14:14:35','23.238',23238),(849,16,1,11,'13:24:13','25.737',25737),(849,16,2,25,'13:48:32','24.077',24077),(849,16,3,40,'14:13:32','27.240',27240),(849,17,1,12,'13:25:41','23.973',23973),(849,17,2,26,'13:49:36','25.490',25490),(849,17,3,38,'14:09:30','23.785',23785),(849,18,1,11,'13:24:05','25.070',25070),(849,18,2,26,'13:49:45','24.287',24287),(849,18,3,39,'14:11:08','23.292',23292),(849,20,1,13,'13:27:22','24.818',24818),(849,20,2,27,'13:51:10','31.558',31558),(849,20,3,36,'14:06:13','23.137',23137),(849,22,1,11,'13:24:38','25.860',25860),(849,22,2,31,'13:59:02','23.955',23955),(849,24,1,11,'13:25:12','26.643',26643),(849,24,2,31,'14:00:49','25.505',25505),(849,30,1,9,'13:20:38','30.242',30242),(849,30,2,16,'13:33:23','31.751',31751),(849,30,3,31,'13:58:47','24.651',24651),(849,67,1,11,'13:24:30','26.279',26279),(849,67,2,25,'13:48:50','24.620',24620),(849,153,1,12,'13:26:20','24.719',24719),(849,153,2,31,'13:58:46','24.095',24095),(849,155,1,11,'13:24:19','28.448',28448),(849,155,2,20,'13:40:27','31.551',31551),(849,808,1,11,'13:24:37','24.880',24880),(849,808,2,38,'14:10:21','24.172',24172),(849,813,1,11,'13:24:27','26.238',26238),(849,813,2,24,'13:47:12','24.272',24272),(849,813,3,35,'14:05:42','23.869',23869),(849,814,1,12,'13:26:02','26.612',26612),(849,814,2,24,'13:46:50','45.291',45291),(849,814,3,26,'13:50:52','31.471',31471),(849,815,1,12,'13:26:13','25.386',25386),(849,815,2,32,'14:00:08','25.619',25619),(849,816,1,11,'13:25:14','28.742',28742),(849,816,2,28,'13:55:39','25.428',25428),(849,817,1,12,'13:27:17','25.872',25872),(849,817,2,28,'13:56:23','26.942',26942),(850,1,1,16,'14:29:38','20.982',20982),(850,1,2,31,'14:54:10','20.496',20496),(850,1,3,51,'15:26:17','20.403',20403),(850,3,1,14,'14:26:39','20.348',20348),(850,3,2,36,'15:03:03','20.975',20975),(850,3,3,53,'15:30:50','20.047',20047),(850,4,1,16,'14:29:39','20.430',20430),(850,4,2,32,'14:55:46','20.035',20035),(850,4,3,53,'15:29:30','19.975',19975),(850,5,1,26,'14:47:26','22.088',22088),(850,5,2,50,'15:27:48','21.175',21175),(850,10,1,22,'14:41:05','22.252',22252),(850,10,2,48,'15:25:25','21.252',21252),(850,13,1,17,'14:31:36','20.344',20344),(850,13,2,41,'15:10:46','20.185',20185),(850,13,3,59,'15:39:43','21.903',21903),(850,16,1,22,'14:39:56','20.839',20839),(850,16,2,48,'15:22:30','20.879',20879),(850,17,1,14,'14:26:23','20.440',20440),(850,17,2,30,'14:52:32','21.299',21299),(850,17,3,56,'15:34:20','20.324',20324),(850,18,1,24,'14:43:15','20.952',20952),(850,20,1,16,'14:29:57','20.394',20394),(850,20,2,40,'15:09:11','20.274',20274),(850,20,3,59,'15:39:44','20.110',20110),(850,24,1,20,'14:37:44','22.048',22048),(850,30,1,15,'14:28:22','20.768',20768),(850,30,2,37,'15:04:59','20.299',20299),(850,30,3,56,'15:35:53','19.930',19930),(850,67,1,10,'14:20:28','27.301',27301),(850,67,2,36,'15:04:03','20.954',20954),(850,153,1,23,'14:42:02','21.062',21062),(850,153,2,43,'15:15:07','21.689',21689),(850,155,1,20,'14:36:51','20.882',20882),(850,155,2,48,'15:23:03','21.267',21267),(850,808,1,23,'14:41:53','21.449',21449),(850,808,2,46,'15:19:54','20.572',20572),(850,812,1,10,'14:21:22','31.879',31879),(850,812,2,28,'14:53:09','22.331',22331),(850,812,3,51,'15:32:52','22.458',22458),(850,813,1,15,'14:28:35','21.601',21601),(850,813,2,35,'15:01:53','21.057',21057),(850,814,1,23,'14:42:05','23.676',23676),(850,814,2,51,'15:28:11','22.535',22535),(850,815,1,8,'14:17:05','27.247',27247),(850,815,2,41,'15:11:48','21.645',21645),(850,816,1,24,'14:44:42','20.762',20762),(850,816,2,49,'15:27:24','23.588',23588),(850,817,1,21,'14:39:29','22.319',22319),(850,817,2,49,'15:27:43','24.053',24053),(851,1,1,12,'14:23:59','21.880',21880),(851,1,2,26,'14:45:16','20.803',20803),(851,1,3,40,'15:05:54','20.861',20861),(851,1,4,52,'15:24:11','20.855',20855),(851,1,5,54,'15:27:35','21.628',21628),(851,1,6,56,'15:30:48','13.173',13173),(851,2,1,11,'14:23:12','21.371',21371),(851,2,2,23,'14:42:16','25.434',25434),(851,3,1,12,'14:24:17','20.767',20767),(851,3,2,27,'14:47:28','19.939',19939),(851,3,3,50,'15:22:04','20.563',20563),(851,3,4,54,'15:28:47','23.244',23244),(851,4,1,12,'14:24:10','22.886',22886),(851,4,2,25,'14:44:04','23.208',23208),(851,4,3,36,'15:00:23','19.936',19936),(851,4,4,47,'15:16:33','20.126',20126),(851,5,1,12,'14:24:53','22.772',22772),(851,5,2,24,'14:43:45','22.147',22147),(851,5,3,43,'15:12:56','20.990',20990),(851,5,4,49,'15:22:56','22.364',22364),(851,5,5,52,'15:28:12','21.715',21715),(851,10,1,11,'14:23:27','22.222',22222),(851,10,2,28,'14:50:32','20.613',20613),(851,10,3,53,'15:30:17','20.929',20929),(851,13,1,10,'14:21:09','22.293',22293),(851,13,2,25,'14:44:34','21.138',21138),(851,13,3,40,'15:06:53','22.453',22453),(851,13,4,58,'15:33:53','21.157',21157),(851,15,1,13,'14:26:49','23.118',23118),(851,16,1,12,'14:24:55','21.902',21902),(851,16,2,26,'14:46:48','20.589',20589),(851,16,3,50,'15:23:22','21.796',21796),(851,16,4,53,'15:28:27','21.503',21503),(851,17,1,10,'14:20:59','20.854',20854),(851,17,2,25,'14:44:03','20.000',20000),(851,17,3,39,'15:04:48','20.673',20673),(851,17,4,51,'15:22:51','21.122',21122),(851,17,5,53,'15:26:20','20.715',20715),(851,18,1,11,'14:22:29','21.786',21786),(851,18,2,27,'14:46:49','21.065',21065),(851,18,3,42,'15:08:53','20.046',20046),(851,20,1,12,'14:24:05','20.690',20690),(851,20,2,28,'14:48:22','20.611',20611),(851,20,3,41,'15:07:32','19.664',19664),(851,22,1,10,'14:21:19','22.640',22640),(851,22,2,24,'14:43:19','22.217',22217),(851,22,3,37,'15:02:51','20.580',20580),(851,22,4,50,'15:22:55','31.539',31539),(851,22,5,52,'15:26:36','25.596',25596),(851,24,1,12,'14:25:35','23.633',23633),(851,24,2,25,'14:46:40','22.501',22501),(851,24,3,37,'15:05:37','27.839',27839),(851,24,4,48,'15:23:32','23.010',23010),(851,24,5,51,'15:28:58','22.458',22458),(851,30,1,13,'14:26:02','21.948',21948),(851,30,2,26,'14:46:04','20.071',20071),(851,67,1,12,'14:24:42','22.349',22349),(851,67,2,25,'14:44:55','21.460',21460),(851,67,3,43,'15:11:41','20.360',20360),(851,153,1,13,'14:26:24','23.734',23734),(851,153,2,24,'14:43:20','22.552',22552),(851,153,3,47,'15:17:40','21.345',21345),(851,155,1,12,'14:24:35','23.725',23725),(851,155,2,34,'14:58:08','22.852',22852),(851,155,3,62,'15:40:56','21.258',21258),(851,808,1,10,'14:21:18','25.532',25532),(851,808,2,25,'14:44:47','24.194',24194),(851,808,3,50,'15:22:54','21.353',21353),(851,808,4,53,'15:28:00','21.609',21609),(851,813,1,11,'14:23:04','23.397',23397),(851,813,2,16,'14:31:22','13.186',13186),(851,813,3,28,'14:49:55','21.426',21426),(851,813,4,50,'15:23:34','23.016',23016),(851,813,5,53,'15:28:55','22.825',22825),(851,814,1,11,'14:22:46','22.262',22262),(851,814,2,27,'14:47:32','20.801',20801),(851,814,3,42,'15:10:06','20.935',20935),(851,815,1,12,'14:24:56','22.215',22215),(851,815,2,24,'14:43:49','20.570',20570),(851,815,3,32,'14:56:05','13.201',13201),(851,815,4,44,'15:14:07','20.917',20917),(851,816,1,11,'14:23:32','25.337',25337),(851,816,2,29,'14:52:27','20.916',20916),(851,816,3,47,'15:20:46','49.849',49849),(851,816,4,51,'15:28:37','22.470',22470),(851,817,1,13,'14:27:04','22.844',22844),(851,817,2,28,'14:51:12','23.563',23563),(851,817,3,43,'15:14:54','21.651',21651),(852,1,1,10,'14:23:14','21.895',21895),(852,3,1,11,'14:25:16','23.090',23090),(852,3,2,30,'15:04:42','21.171',21171),(852,4,1,8,'14:19:18','20.994',20994),(852,4,2,29,'15:02:28','21.243',21243),(852,5,1,1,'14:06:14','28.539',28539),(852,5,2,13,'14:30:46','22.009',22009),(852,5,3,33,'15:11:16','22.306',22306),(852,10,1,1,'14:05:58','35.092',35092),(852,10,2,6,'14:16:35','13.914',13914),(852,10,3,14,'14:33:40','24.204',24204),(852,10,4,35,'15:15:37','21.721',21721),(852,13,1,9,'14:21:21','22.267',22267),(852,13,2,30,'15:04:43','21.856',21856),(852,13,3,32,'15:08:49','21.485',21485),(852,15,1,13,'14:30:20','22.159',22159),(852,15,2,31,'15:07:16','21.484',21484),(852,16,1,13,'14:29:31','22.773',22773),(852,16,2,31,'15:06:38','20.983',20983),(852,17,1,3,'14:09:42','21.015',21015),(852,17,2,31,'15:06:19','20.947',20947),(852,18,1,3,'14:09:46','26.046',26046),(852,18,2,13,'14:29:40','21.756',21756),(852,18,3,32,'15:08:15','21.640',21640),(852,20,1,5,'14:13:27','20.898',20898),(852,20,2,13,'14:29:09','21.411',21411),(852,20,3,30,'15:04:14','20.786',20786),(852,22,1,13,'14:29:38','21.818',21818),(852,22,2,31,'15:06:56','21.478',21478),(852,22,3,40,'15:24:23','47.753',47753),(852,24,1,11,'14:26:05','21.766',21766),(852,24,2,27,'14:59:56','30.959',30959),(852,30,1,4,'14:11:45','20.153',20153),(852,30,2,13,'14:29:39','20.226',20226),(852,30,3,31,'15:06:39','21.319',21319),(852,155,1,14,'14:32:10','24.161',24161),(852,155,2,29,'15:03:08','21.269',21269),(852,808,1,12,'14:27:22','21.395',21395),(852,808,2,30,'15:04:45','21.979',21979),(852,811,1,1,'14:06:10','30.795',30795),(852,811,2,8,'14:20:14','13.968',13968),(852,811,3,21,'14:47:48','20.756',20756),(852,813,1,12,'14:27:31','21.421',21421),(852,813,2,29,'15:03:01','22.303',22303),(852,814,1,14,'14:32:11','21.334',21334),(852,814,2,30,'15:05:01','21.350',21350),(852,815,1,5,'14:13:49','26.092',26092),(852,815,2,22,'14:49:35','14.089',14089),(852,815,3,23,'14:51:40','23.883',23883),(852,816,1,13,'14:30:22','22.939',22939),(852,816,2,36,'15:17:29','22.114',22114),(852,817,1,13,'14:30:19','23.780',23780),(853,1,1,18,'14:32:41','22.083',22083),(853,1,2,34,'14:56:36','21.876',21876),(853,4,1,19,'14:34:04','22.539',22539),(853,4,2,34,'14:56:26','21.989',21989),(853,5,1,21,'14:38:01','23.298',23298),(853,5,2,35,'14:59:46','22.611',22611),(853,10,1,20,'14:36:42','25.147',25147),(853,10,2,38,'15:04:43','22.784',22784),(853,13,1,21,'14:37:20','21.821',21821),(853,13,2,41,'15:07:06','22.148',22148),(853,15,1,5,'14:13:34','30.391',30391),(853,15,2,24,'14:43:14','23.420',23420),(853,18,1,17,'14:31:10','21.660',21660),(853,18,2,33,'14:55:00','22.095',22095),(853,20,1,20,'14:35:21','22.124',22124),(853,20,2,35,'14:57:38','21.378',21378),(853,22,1,1,'14:06:43','29.157',29157),(853,22,2,32,'14:54:59','23.414',23414),(853,30,1,16,'14:29:42','22.709',22709),(853,30,2,37,'15:01:01','22.014',22014),(853,67,1,16,'14:30:10','24.234',24234),(853,67,2,40,'15:06:23','24.086',24086),(853,153,1,20,'14:36:08','21.988',21988),(853,153,2,41,'15:07:43','22.279',22279),(853,155,1,1,'14:05:42','27.550',27550),(853,155,2,18,'14:33:12','22.939',22939),(853,811,1,2,'14:08:02','22.534',22534),(853,811,2,19,'14:34:43','23.145',23145),(853,811,3,40,'15:06:27','22.273',22273),(853,813,1,19,'14:34:39','23.063',23063),(853,813,2,37,'15:02:04','22.614',22614),(853,814,1,13,'14:25:33','21.870',21870),(853,814,2,31,'14:52:56','23.069',23069),(853,817,1,1,'14:08:50','16:44.718',1004718),(853,817,2,20,'14:55:30','30.777',30777),(854,1,1,11,'20:25:15','30.142',30142),(854,1,2,13,'20:29:39','33.456',33456),(854,1,3,15,'20:34:04','24.342',24342),(854,1,4,29,'21:01:31','30.706',30706),(854,1,5,48,'21:39:06','29.876',29876),(854,3,1,9,'20:21:25','29.549',29549),(854,3,2,22,'20:47:06','29.417',29417),(854,3,3,29,'21:01:12','30.261',30261),(854,4,1,10,'20:23:15','30.621',30621),(854,4,2,25,'20:52:35','30.387',30387),(854,4,3,49,'21:40:46','29.972',29972),(854,5,1,11,'20:25:56','32.202',32202),(854,5,2,26,'20:56:11','31.621',31621),(854,5,3,47,'21:40:09','31.207',31207),(854,13,1,11,'20:25:14','30.290',30290),(854,13,2,12,'20:28:04','32.351',32351),(854,13,3,24,'20:51:44','30.478',30478),(854,13,4,41,'21:26:06','30.983',30983),(854,15,1,16,'20:36:05','31.048',31048),(854,15,2,19,'20:43:14','33.317',33317),(854,15,3,44,'21:36:23','31.168',31168),(854,16,1,11,'20:25:25','30.718',30718),(854,16,2,29,'21:01:11','33.418',33418),(854,17,1,12,'20:27:10','30.462',30462),(854,17,2,29,'21:00:16','31.204',31204),(854,17,3,47,'21:36:42','30.413',30413),(854,18,1,14,'20:30:49','30.169',30169),(854,18,2,30,'21:02:11','29.921',29921),(854,18,3,48,'21:38:31','30.305',30305),(854,20,1,14,'20:30:38','30.023',30023),(854,20,2,30,'21:01:48','30.809',30809),(854,20,3,49,'21:40:10','30.796',30796),(854,22,1,12,'20:27:40','30.456',30456),(854,22,2,30,'21:04:10','30.544',30544),(854,24,1,13,'20:30:31','34.329',34329),(854,24,2,26,'20:57:30','32.122',32122),(854,24,3,45,'21:38:30','31.687',31687),(854,24,4,46,'21:41:47','42.920',42920),(854,30,1,10,'20:23:27','29.610',29610),(854,30,2,24,'20:51:04','29.473',29473),(854,67,1,11,'20:25:50','32.827',32827),(854,67,2,31,'21:06:25','31.394',31394),(854,67,3,49,'21:41:40','32.739',32739),(854,153,1,17,'20:38:05','30.948',30948),(854,153,2,24,'20:52:14','24.299',24299),(854,153,3,35,'21:16:28','31.836',31836),(854,155,1,16,'20:35:49','30.464',30464),(854,155,2,29,'21:01:59','31.602',31602),(854,155,3,40,'21:25:43','24.715',24715),(854,155,4,53,'21:51:26','30.869',30869),(854,808,1,16,'20:36:09','30.807',30807),(854,808,2,29,'21:02:43','30.625',30625),(854,808,3,47,'21:40:13','30.485',30485),(854,811,1,10,'20:23:47','35.398',35398),(854,811,2,11,'20:26:39','36.856',36856),(854,811,3,28,'21:01:27','30.832',30832),(854,811,4,48,'21:42:01','30.987',30987),(854,813,1,11,'20:25:39','30.888',30888),(854,813,2,25,'20:53:37','30.187',30187),(854,813,3,45,'21:33:51','30.477',30477),(854,814,1,19,'20:41:08','30.704',30704),(854,814,2,29,'21:01:05','29.764',29764),(854,815,1,15,'20:33:28','30.810',30810),(854,815,2,29,'21:01:17','33.344',33344),(854,816,1,16,'20:36:22','31.763',31763),(854,816,2,28,'21:00:59','31.592',31592),(854,817,1,1,'20:06:48','44.170',44170),(854,817,2,15,'20:36:19','34.782',34782),(854,817,3,27,'21:01:25','33.058',33058);
/*!40000 ALTER TABLE `pitstops` ENABLE KEYS */;
UNLOCK TABLES;

--
-- Table structure for table `races`
--

DROP TABLE IF EXISTS `races`;
/*!40101 SET @saved_cs_client     = @@character_set_client */;
/*!50503 SET character_set_client = utf8mb4 */;
CREATE TABLE `races` (
  `raceId` int NOT NULL,
  `year` int DEFAULT NULL,
  `round` int DEFAULT NULL,
  `circuitId` int DEFAULT NULL,
  `name` varchar(50) DEFAULT NULL,
  `date` date DEFAULT NULL,
  `time` time DEFAULT NULL,
  `url` varchar(255) DEFAULT NULL,
  PRIMARY KEY (`raceId`),
  KEY `circuitId` (`circuitId`),
  CONSTRAINT `races_ibfk_1` FOREIGN KEY (`circuitId`) REFERENCES `circuits` (`circuitId`)
) ENGINE=InnoDB DEFAULT CHARSET=utf8mb4 COLLATE=utf8mb4_0900_ai_ci;
/*!40101 SET character_set_client = @saved_cs_client */;

--
-- Dumping data for table `races`
--

LOCK TABLES `races` WRITE;
/*!40000 ALTER TABLE `races` DISABLE KEYS */;
INSERT INTO `races` VALUES (1,2009,1,1,'Australian Grand Prix','2009-03-29','06:00:00','http://en.wikipedia.org/wiki/2009_Australian_Grand_Prix'),(2,2009,2,2,'Malaysian Grand Prix','2009-04-05','09:00:00','http://en.wikipedia.org/wiki/2009_Malaysian_Grand_Prix'),(3,2009,3,17,'Chinese Grand Prix','2009-04-19','07:00:00','http://en.wikipedia.org/wiki/2009_Chinese_Grand_Prix'),(4,2009,4,3,'Bahrain Grand Prix','2009-04-26','12:00:00','http://en.wikipedia.org/wiki/2009_Bahrain_Grand_Prix'),(5,2009,5,4,'Spanish Grand Prix','2009-05-10','12:00:00','http://en.wikipedia.org/wiki/2009_Spanish_Grand_Prix'),(6,2009,6,6,'Monaco Grand Prix','2009-05-24','12:00:00','http://en.wikipedia.org/wiki/2009_Monaco_Grand_Prix'),(7,2009,7,5,'Turkish Grand Prix','2009-06-07','12:00:00','http://en.wikipedia.org/wiki/2009_Turkish_Grand_Prix'),(8,2009,8,9,'British Grand Prix','2009-06-21','12:00:00','http://en.wikipedia.org/wiki/2009_British_Grand_Prix'),(9,2009,9,20,'German Grand Prix','2009-07-12','12:00:00','http://en.wikipedia.org/wiki/2009_German_Grand_Prix'),(10,2009,10,11,'Hungarian Grand Prix','2009-07-26','12:00:00','http://en.wikipedia.org/wiki/2009_Hungarian_Grand_Prix'),(11,2009,11,12,'European Grand Prix','2009-08-23','12:00:00','http://en.wikipedia.org/wiki/2009_European_Grand_Prix'),(12,2009,12,13,'Belgian Grand Prix','2009-08-30','12:00:00','http://en.wikipedia.org/wiki/2009_Belgian_Grand_Prix'),(13,2009,13,14,'Italian Grand Prix','2009-09-13','12:00:00','http://en.wikipedia.org/wiki/2009_Italian_Grand_Prix'),(14,2009,14,15,'Singapore Grand Prix','2009-09-27','12:00:00','http://en.wikipedia.org/wiki/2009_Singapore_Grand_Prix'),(15,2009,15,22,'Japanese Grand Prix','2009-10-04','05:00:00','http://en.wikipedia.org/wiki/2009_Japanese_Grand_Prix'),(16,2009,16,18,'Brazilian Grand Prix','2009-10-18','16:00:00','http://en.wikipedia.org/wiki/2009_Brazilian_Grand_Prix'),(17,2009,17,24,'Abu Dhabi Grand Prix','2009-11-01','11:00:00','http://en.wikipedia.org/wiki/2009_Abu_Dhabi_Grand_Prix'),(18,2008,1,1,'Australian Grand Prix','2008-03-16','04:30:00','http://en.wikipedia.org/wiki/2008_Australian_Grand_Prix'),(19,2008,2,2,'Malaysian Grand Prix','2008-03-23','07:00:00','http://en.wikipedia.org/wiki/2008_Malaysian_Grand_Prix'),(20,2008,3,3,'Bahrain Grand Prix','2008-04-06','11:30:00','http://en.wikipedia.org/wiki/2008_Bahrain_Grand_Prix'),(21,2008,4,4,'Spanish Grand Prix','2008-04-27','12:00:00','http://en.wikipedia.org/wiki/2008_Spanish_Grand_Prix'),(22,2008,5,5,'Turkish Grand Prix','2008-05-11','12:00:00','http://en.wikipedia.org/wiki/2008_Turkish_Grand_Prix'),(23,2008,6,6,'Monaco Grand Prix','2008-05-25','12:00:00','http://en.wikipedia.org/wiki/2008_Monaco_Grand_Prix'),(24,2008,7,7,'Canadian Grand Prix','2008-06-08','17:00:00','http://en.wikipedia.org/wiki/2008_Canadian_Grand_Prix'),(25,2008,8,8,'French Grand Prix','2008-06-22','12:00:00','http://en.wikipedia.org/wiki/2008_French_Grand_Prix'),(26,2008,9,9,'British Grand Prix','2008-07-06','12:00:00','http://en.wikipedia.org/wiki/2008_British_Grand_Prix'),(27,2008,10,10,'German Grand Prix','2008-07-20','12:00:00','http://en.wikipedia.org/wiki/2008_German_Grand_Prix'),(28,2008,11,11,'Hungarian Grand Prix','2008-08-03','12:00:00','http://en.wikipedia.org/wiki/2008_Hungarian_Grand_Prix'),(29,2008,12,12,'European Grand Prix','2008-08-24','12:00:00','http://en.wikipedia.org/wiki/2008_European_Grand_Prix'),(30,2008,13,13,'Belgian Grand Prix','2008-09-07','12:00:00','http://en.wikipedia.org/wiki/2008_Belgian_Grand_Prix'),(31,2008,14,14,'Italian Grand Prix','2008-09-14','12:00:00','http://en.wikipedia.org/wiki/2008_Italian_Grand_Prix'),(32,2008,15,15,'Singapore Grand Prix','2008-09-28','12:00:00','http://en.wikipedia.org/wiki/2008_Singapore_Grand_Prix'),(33,2008,16,16,'Japanese Grand Prix','2008-10-12','04:30:00','http://en.wikipedia.org/wiki/2008_Japanese_Grand_Prix'),(34,2008,17,17,'Chinese Grand Prix','2008-10-19','07:00:00','http://en.wikipedia.org/wiki/2008_Chinese_Grand_Prix'),(35,2008,18,18,'Brazilian Grand Prix','2008-11-02','17:00:00','http://en.wikipedia.org/wiki/2008_Brazilian_Grand_Prix'),(36,2007,1,1,'Australian Grand Prix','2007-03-18','03:00:00','http://en.wikipedia.org/wiki/2007_Australian_Grand_Prix'),(37,2007,2,2,'Malaysian Grand Prix','2007-04-08','07:00:00','http://en.wikipedia.org/wiki/2007_Malaysian_Grand_Prix'),(38,2007,3,3,'Bahrain Grand Prix','2007-04-15','11:30:00','http://en.wikipedia.org/wiki/2007_Bahrain_Grand_Prix'),(39,2007,4,4,'Spanish Grand Prix','2007-05-13','12:00:00','http://en.wikipedia.org/wiki/2007_Spanish_Grand_Prix'),(40,2007,5,6,'Monaco Grand Prix','2007-05-27','12:00:00','http://en.wikipedia.org/wiki/2007_Monaco_Grand_Prix'),(41,2007,6,7,'Canadian Grand Prix','2007-06-10','17:00:00','http://en.wikipedia.org/wiki/2007_Canadian_Grand_Prix'),(42,2007,7,19,'United States Grand Prix','2007-06-17','17:00:00','http://en.wikipedia.org/wiki/2007_United_States_Grand_Prix'),(43,2007,8,8,'French Grand Prix','2007-07-01','12:00:00','http://en.wikipedia.org/wiki/2007_French_Grand_Prix'),(44,2007,9,9,'British Grand Prix','2007-07-08','12:00:00','http://en.wikipedia.org/wiki/2007_British_Grand_Prix'),(45,2007,10,20,'European Grand Prix','2007-07-22','12:00:00','http://en.wikipedia.org/wiki/2007_European_Grand_Prix'),(46,2007,11,11,'Hungarian Grand Prix','2007-08-05','12:00:00','http://en.wikipedia.org/wiki/2007_Hungarian_Grand_Prix'),(47,2007,12,5,'Turkish Grand Prix','2007-08-26','12:00:00','http://en.wikipedia.org/wiki/2007_Turkish_Grand_Prix'),(48,2007,13,14,'Italian Grand Prix','2007-09-09','12:00:00','http://en.wikipedia.org/wiki/2007_Italian_Grand_Prix'),(49,2007,14,13,'Belgian Grand Prix','2007-09-16','12:00:00','http://en.wikipedia.org/wiki/2007_Belgian_Grand_Prix'),(50,2007,15,16,'Japanese Grand Prix','2007-09-30','04:30:00','http://en.wikipedia.org/wiki/2007_Japanese_Grand_Prix'),(51,2007,16,17,'Chinese Grand Prix','2007-10-07','06:00:00','http://en.wikipedia.org/wiki/2007_Chinese_Grand_Prix'),(52,2007,17,18,'Brazilian Grand Prix','2007-10-21','16:00:00','http://en.wikipedia.org/wiki/2007_Brazilian_Grand_Prix'),(53,2006,1,3,'Bahrain Grand Prix','2006-03-12','14:30:00','http://en.wikipedia.org/wiki/2006_Bahrain_Grand_Prix'),(54,2006,2,2,'Malaysian Grand Prix','2006-03-19','15:00:00','http://en.wikipedia.org/wiki/2006_Malaysian_Grand_Prix'),(55,2006,3,1,'Australian Grand Prix','2006-04-02','14:00:00','http://en.wikipedia.org/wiki/2006_Australian_Grand_Prix'),(56,2006,4,21,'San Marino Grand Prix','2006-04-23','14:00:00','http://en.wikipedia.org/wiki/2006_San_Marino_Grand_Prix'),(57,2006,5,20,'European Grand Prix','2006-05-07','14:00:00','http://en.wikipedia.org/wiki/2006_European_Grand_Prix'),(58,2006,6,4,'Spanish Grand Prix','2006-05-14','14:00:00','http://en.wikipedia.org/wiki/2006_Spanish_Grand_Prix'),(59,2006,7,6,'Monaco Grand Prix','2006-05-28','14:00:00','http://en.wikipedia.org/wiki/2006_Monaco_Grand_Prix'),(60,2006,8,9,'British Grand Prix','2006-06-11','12:00:00','http://en.wikipedia.org/wiki/2006_British_Grand_Prix'),(61,2006,9,7,'Canadian Grand Prix','2006-06-25','13:00:00','http://en.wikipedia.org/wiki/2006_Canadian_Grand_Prix'),(62,2006,10,19,'United States Grand Prix','2006-07-02','14:00:00','http://en.wikipedia.org/wiki/2006_United_States_Grand_Prix'),(63,2006,11,8,'French Grand Prix','2006-07-16','14:00:00','http://en.wikipedia.org/wiki/2006_French_Grand_Prix'),(64,2006,12,10,'German Grand Prix','2006-07-30','14:00:00','http://en.wikipedia.org/wiki/2006_German_Grand_Prix'),(65,2006,13,11,'Hungarian Grand Prix','2006-08-06','14:00:00','http://en.wikipedia.org/wiki/2006_Hungarian_Grand_Prix'),(66,2006,14,5,'Turkish Grand Prix','2006-08-27','15:00:00','http://en.wikipedia.org/wiki/2006_Turkish_Grand_Prix'),(67,2006,15,14,'Italian Grand Prix','2006-09-10','14:00:00','http://en.wikipedia.org/wiki/2006_Italian_Grand_Prix'),(68,2006,16,17,'Chinese Grand Prix','2006-10-01','14:00:00','http://en.wikipedia.org/wiki/2006_Chinese_Grand_Prix'),(69,2006,17,22,'Japanese Grand Prix','2006-10-08','14:00:00','http://en.wikipedia.org/wiki/2006_Japanese_Grand_Prix'),(70,2006,18,18,'Brazilian Grand Prix','2006-10-22','14:00:00','http://en.wikipedia.org/wiki/2006_Brazilian_Grand_Prix'),(71,2005,1,1,'Australian Grand Prix','2005-03-06','14:00:00','http://en.wikipedia.org/wiki/2005_Australian_Grand_Prix'),(72,2005,2,2,'Malaysian Grand Prix','2005-03-20','15:00:00','http://en.wikipedia.org/wiki/2005_Malaysian_Grand_Prix'),(73,2005,3,3,'Bahrain Grand Prix','2005-04-03','14:30:00','http://en.wikipedia.org/wiki/2005_Bahrain_Grand_Prix'),(74,2005,4,21,'San Marino Grand Prix','2005-04-24','14:00:00','http://en.wikipedia.org/wiki/2005_San_Marino_Grand_Prix'),(75,2005,5,4,'Spanish Grand Prix','2005-05-08','14:00:00','http://en.wikipedia.org/wiki/2005_Spanish_Grand_Prix'),(76,2005,6,6,'Monaco Grand Prix','2005-05-22','14:00:00','http://en.wikipedia.org/wiki/2005_Monaco_Grand_Prix'),(77,2005,7,20,'European Grand Prix','2005-05-29','14:00:00','http://en.wikipedia.org/wiki/2005_European_Grand_Prix'),(78,2005,8,7,'Canadian Grand Prix','2005-06-12','13:00:00','http://en.wikipedia.org/wiki/2005_Canadian_Grand_Prix'),(79,2005,9,19,'United States Grand Prix','2005-06-19','14:00:00','http://en.wikipedia.org/wiki/2005_United_States_Grand_Prix'),(80,2005,10,8,'French Grand Prix','2005-07-03','14:00:00','http://en.wikipedia.org/wiki/2005_French_Grand_Prix'),(81,2005,11,9,'British Grand Prix','2005-07-10','14:00:00','http://en.wikipedia.org/wiki/2005_British_Grand_Prix'),(82,2005,12,10,'German Grand Prix','2005-07-24','14:00:00','http://en.wikipedia.org/wiki/2005_German_Grand_Prix'),(83,2005,13,11,'Hungarian Grand Prix','2005-07-31','14:00:00','http://en.wikipedia.org/wiki/2005_Hungarian_Grand_Prix'),(84,2005,14,5,'Turkish Grand Prix','2005-08-21','15:00:00','http://en.wikipedia.org/wiki/2005_Turkish_Grand_Prix'),(85,2005,15,14,'Italian Grand Prix','2005-09-04','14:00:00','http://en.wikipedia.org/wiki/2005_Italian_Grand_Prix'),(86,2005,16,13,'Belgian Grand Prix','2005-09-11','14:00:00','http://en.wikipedia.org/wiki/2005_Belgian_Grand_Prix'),(87,2005,17,18,'Brazilian Grand Prix','2005-09-25','14:00:00','http://en.wikipedia.org/wiki/2005_Brazilian_Grand_Prix'),(88,2005,18,22,'Japanese Grand Prix','2005-10-09','14:00:00','http://en.wikipedia.org/wiki/2005_Japanese_Grand_Prix'),(89,2005,19,17,'Chinese Grand Prix','2005-10-16','14:00:00','http://en.wikipedia.org/wiki/2005_Chinese_Grand_Prix'),(90,2004,1,1,'Australian Grand Prix','2004-03-07','00:00:00','http://en.wikipedia.org/wiki/2004_Australian_Grand_Prix'),(91,2004,2,2,'Malaysian Grand Prix','2004-03-21','00:00:00','http://en.wikipedia.org/wiki/2004_Malaysian_Grand_Prix'),(92,2004,3,3,'Bahrain Grand Prix','2004-04-04','00:00:00','http://en.wikipedia.org/wiki/2004_Bahrain_Grand_Prix'),(93,2004,4,21,'San Marino Grand Prix','2004-04-25','00:00:00','http://en.wikipedia.org/wiki/2004_San_Marino_Grand_Prix'),(94,2004,5,4,'Spanish Grand Prix','2004-05-09','00:00:00','http://en.wikipedia.org/wiki/2004_Spanish_Grand_Prix'),(95,2004,6,6,'Monaco Grand Prix','2004-05-23','00:00:00','http://en.wikipedia.org/wiki/2004_Monaco_Grand_Prix'),(96,2004,7,20,'European Grand Prix','2004-05-30','00:00:00','http://en.wikipedia.org/wiki/2004_European_Grand_Prix'),(97,2004,8,7,'Canadian Grand Prix','2004-06-13','00:00:00','http://en.wikipedia.org/wiki/2004_Canadian_Grand_Prix'),(98,2004,9,19,'United States Grand Prix','2004-06-20','00:00:00','http://en.wikipedia.org/wiki/2004_United_States_Grand_Prix'),(99,2004,10,8,'French Grand Prix','2004-07-04','00:00:00','http://en.wikipedia.org/wiki/2004_French_Grand_Prix'),(100,2004,11,9,'British Grand Prix','2004-07-11','00:00:00','http://en.wikipedia.org/wiki/2004_British_Grand_Prix'),(101,2004,12,10,'German Grand Prix','2004-07-25','00:00:00','http://en.wikipedia.org/wiki/2004_German_Grand_Prix'),(102,2004,13,11,'Hungarian Grand Prix','2004-08-15','00:00:00','http://en.wikipedia.org/wiki/2004_Hungarian_Grand_Prix'),(103,2004,14,13,'Belgian Grand Prix','2004-08-29','00:00:00','http://en.wikipedia.org/wiki/2004_Belgian_Grand_Prix'),(104,2004,15,14,'Italian Grand Prix','2004-09-12','00:00:00','http://en.wikipedia.org/wiki/2004_Italian_Grand_Prix'),(105,2004,16,17,'Chinese Grand Prix','2004-09-26','00:00:00','http://en.wikipedia.org/wiki/2004_Chinese_Grand_Prix'),(106,2004,17,22,'Japanese Grand Prix','2004-10-10','00:00:00','http://en.wikipedia.org/wiki/2004_Japanese_Grand_Prix'),(107,2004,18,18,'Brazilian Grand Prix','2004-10-24','00:00:00','http://en.wikipedia.org/wiki/2004_Brazilian_Grand_Prix'),(108,2003,1,1,'Australian Grand Prix','2003-03-09','00:00:00','http://en.wikipedia.org/wiki/2003_Australian_Grand_Prix'),(109,2003,2,2,'Malaysian Grand Prix','2003-03-23','00:00:00','http://en.wikipedia.org/wiki/2003_Malaysian_Grand_Prix'),(110,2003,3,18,'Brazilian Grand Prix','2003-04-06','00:00:00','http://en.wikipedia.org/wiki/2003_Brazilian_Grand_Prix'),(111,2003,4,21,'San Marino Grand Prix','2003-04-20','00:00:00','http://en.wikipedia.org/wiki/2003_San_Marino_Grand_Prix'),(112,2003,5,4,'Spanish Grand Prix','2003-05-04','00:00:00','http://en.wikipedia.org/wiki/2003_Spanish_Grand_Prix'),(113,2003,6,23,'Austrian Grand Prix','2003-05-18','00:00:00','http://en.wikipedia.org/wiki/2003_Austrian_Grand_Prix'),(114,2003,7,6,'Monaco Grand Prix','2003-06-01','00:00:00','http://en.wikipedia.org/wiki/2003_Monaco_Grand_Prix'),(115,2003,8,7,'Canadian Grand Prix','2003-06-15','00:00:00','http://en.wikipedia.org/wiki/2003_Canadian_Grand_Prix'),(116,2003,9,20,'European Grand Prix','2003-06-29','00:00:00','http://en.wikipedia.org/wiki/2003_European_Grand_Prix'),(117,2003,10,8,'French Grand Prix','2003-07-06','00:00:00','http://en.wikipedia.org/wiki/2003_French_Grand_Prix'),(118,2003,11,9,'British Grand Prix','2003-07-20','00:00:00','http://en.wikipedia.org/wiki/2003_British_Grand_Prix'),(119,2003,12,10,'German Grand Prix','2003-08-03','00:00:00','http://en.wikipedia.org/wiki/2003_German_Grand_Prix'),(120,2003,13,11,'Hungarian Grand Prix','2003-08-24','00:00:00','http://en.wikipedia.org/wiki/2003_Hungarian_Grand_Prix'),(121,2003,14,14,'Italian Grand Prix','2003-09-14','00:00:00','http://en.wikipedia.org/wiki/2003_Italian_Grand_Prix'),(122,2003,15,19,'United States Grand Prix','2003-09-28','00:00:00','http://en.wikipedia.org/wiki/2003_United_States_Grand_Prix'),(123,2003,16,22,'Japanese Grand Prix','2003-10-12','00:00:00','http://en.wikipedia.org/wiki/2003_Japanese_Grand_Prix'),(124,2002,1,1,'Australian Grand Prix','2002-03-03','00:00:00','http://en.wikipedia.org/wiki/2002_Australian_Grand_Prix'),(125,2002,2,2,'Malaysian Grand Prix','2002-03-17','00:00:00','http://en.wikipedia.org/wiki/2002_Malaysian_Grand_Prix'),(126,2002,3,18,'Brazilian Grand Prix','2002-03-31','00:00:00','http://en.wikipedia.org/wiki/2002_Brazilian_Grand_Prix'),(127,2002,4,21,'San Marino Grand Prix','2002-04-14','00:00:00','http://en.wikipedia.org/wiki/2002_San_Marino_Grand_Prix'),(128,2002,5,4,'Spanish Grand Prix','2002-04-28','00:00:00','http://en.wikipedia.org/wiki/2002_Spanish_Grand_Prix'),(129,2002,6,23,'Austrian Grand Prix','2002-05-12','00:00:00','http://en.wikipedia.org/wiki/2002_Austrian_Grand_Prix'),(130,2002,7,6,'Monaco Grand Prix','2002-05-26','00:00:00','http://en.wikipedia.org/wiki/2002_Monaco_Grand_Prix'),(131,2002,8,7,'Canadian Grand Prix','2002-06-09','00:00:00','http://en.wikipedia.org/wiki/2002_Canadian_Grand_Prix'),(132,2002,9,20,'European Grand Prix','2002-06-23','00:00:00','http://en.wikipedia.org/wiki/2002_European_Grand_Prix'),(133,2002,10,9,'British Grand Prix','2002-07-07','00:00:00','http://en.wikipedia.org/wiki/2002_British_Grand_Prix'),(134,2002,11,8,'French Grand Prix','2002-07-21','00:00:00','http://en.wikipedia.org/wiki/2002_French_Grand_Prix'),(135,2002,12,10,'German Grand Prix','2002-07-28','00:00:00','http://en.wikipedia.org/wiki/2002_German_Grand_Prix'),(136,2002,13,11,'Hungarian Grand Prix','2002-08-18','00:00:00','http://en.wikipedia.org/wiki/2002_Hungarian_Grand_Prix'),(137,2002,14,13,'Belgian Grand Prix','2002-09-01','00:00:00','http://en.wikipedia.org/wiki/2002_Belgian_Grand_Prix'),(138,2002,15,14,'Italian Grand Prix','2002-09-15','00:00:00','http://en.wikipedia.org/wiki/2002_Italian_Grand_Prix'),(139,2002,16,19,'United States Grand Prix','2002-09-29','00:00:00','http://en.wikipedia.org/wiki/2002_United_States_Grand_Prix'),(140,2002,17,22,'Japanese Grand Prix','2002-10-13','00:00:00','http://en.wikipedia.org/wiki/2002_Japanese_Grand_Prix'),(141,2001,1,1,'Australian Grand Prix','2001-03-04','00:00:00','http://en.wikipedia.org/wiki/2001_Australian_Grand_Prix'),(142,2001,2,2,'Malaysian Grand Prix','2001-03-18','00:00:00','http://en.wikipedia.org/wiki/2001_Malaysian_Grand_Prix'),(143,2001,3,18,'Brazilian Grand Prix','2001-04-01','00:00:00','http://en.wikipedia.org/wiki/2001_Brazilian_Grand_Prix'),(144,2001,4,21,'San Marino Grand Prix','2001-04-15','00:00:00','http://en.wikipedia.org/wiki/2001_San_Marino_Grand_Prix'),(145,2001,5,4,'Spanish Grand Prix','2001-04-29','00:00:00','http://en.wikipedia.org/wiki/2001_Spanish_Grand_Prix'),(146,2001,6,23,'Austrian Grand Prix','2001-05-13','00:00:00','http://en.wikipedia.org/wiki/2001_Austrian_Grand_Prix'),(147,2001,7,6,'Monaco Grand Prix','2001-05-27','00:00:00','http://en.wikipedia.org/wiki/2001_Monaco_Grand_Prix'),(148,2001,8,7,'Canadian Grand Prix','2001-06-10','00:00:00','http://en.wikipedia.org/wiki/2001_Canadian_Grand_Prix'),(149,2001,9,20,'European Grand Prix','2001-06-24','00:00:00','http://en.wikipedia.org/wiki/2001_European_Grand_Prix'),(150,2001,10,8,'French Grand Prix','2001-07-01','00:00:00','http://en.wikipedia.org/wiki/2001_French_Grand_Prix'),(151,2001,11,9,'British Grand Prix','2001-07-15','00:00:00','http://en.wikipedia.org/wiki/2001_British_Grand_Prix'),(152,2001,12,10,'German Grand Prix','2001-07-29','00:00:00','http://en.wikipedia.org/wiki/2001_German_Grand_Prix'),(153,2001,13,11,'Hungarian Grand Prix','2001-08-19','00:00:00','http://en.wikipedia.org/wiki/2001_Hungarian_Grand_Prix'),(154,2001,14,13,'Belgian Grand Prix','2001-09-02','00:00:00','http://en.wikipedia.org/wiki/2001_Belgian_Grand_Prix'),(155,2001,15,14,'Italian Grand Prix','2001-09-16','00:00:00','http://en.wikipedia.org/wiki/2001_Italian_Grand_Prix'),(156,2001,16,19,'United States Grand Prix','2001-09-30','00:00:00','http://en.wikipedia.org/wiki/2001_United_States_Grand_Prix'),(157,2001,17,22,'Japanese Grand Prix','2001-10-14','00:00:00','http://en.wikipedia.org/wiki/2001_Japanese_Grand_Prix'),(158,2000,1,1,'Australian Grand Prix','2000-03-12','00:00:00','http://en.wikipedia.org/wiki/2000_Australian_Grand_Prix'),(159,2000,2,18,'Brazilian Grand Prix','2000-03-26','00:00:00','http://en.wikipedia.org/wiki/2000_Brazilian_Grand_Prix'),(160,2000,3,21,'San Marino Grand Prix','2000-04-09','00:00:00','http://en.wikipedia.org/wiki/2000_San_Marino_Grand_Prix'),(161,2000,4,9,'British Grand Prix','2000-04-23','00:00:00','http://en.wikipedia.org/wiki/2000_British_Grand_Prix'),(162,2000,5,4,'Spanish Grand Prix','2000-05-07','00:00:00','http://en.wikipedia.org/wiki/2000_Spanish_Grand_Prix'),(163,2000,6,20,'European Grand Prix','2000-05-21','00:00:00','http://en.wikipedia.org/wiki/2000_European_Grand_Prix'),(164,2000,7,6,'Monaco Grand Prix','2000-06-04','00:00:00','http://en.wikipedia.org/wiki/2000_Monaco_Grand_Prix'),(165,2000,8,7,'Canadian Grand Prix','2000-06-18','00:00:00','http://en.wikipedia.org/wiki/2000_Canadian_Grand_Prix'),(166,2000,9,8,'French Grand Prix','2000-07-02','00:00:00','http://en.wikipedia.org/wiki/2000_French_Grand_Prix'),(167,2000,10,23,'Austrian Grand Prix','2000-07-16','00:00:00','http://en.wikipedia.org/wiki/2000_Austrian_Grand_Prix'),(168,2000,11,10,'German Grand Prix','2000-07-30','00:00:00','http://en.wikipedia.org/wiki/2000_German_Grand_Prix'),(169,2000,12,11,'Hungarian Grand Prix','2000-08-13','00:00:00','http://en.wikipedia.org/wiki/2000_Hungarian_Grand_Prix'),(170,2000,13,13,'Belgian Grand Prix','2000-08-27','00:00:00','http://en.wikipedia.org/wiki/2000_Belgian_Grand_Prix'),(171,2000,14,14,'Italian Grand Prix','2000-09-10','00:00:00','http://en.wikipedia.org/wiki/2000_Italian_Grand_Prix'),(172,2000,15,19,'United States Grand Prix','2000-09-24','00:00:00','http://en.wikipedia.org/wiki/2000_United_States_Grand_Prix'),(173,2000,16,22,'Japanese Grand Prix','2000-10-08','00:00:00','http://en.wikipedia.org/wiki/2000_Japanese_Grand_Prix'),(174,2000,17,2,'Malaysian Grand Prix','2000-10-22','00:00:00','http://en.wikipedia.org/wiki/2000_Malaysian_Grand_Prix'),(175,1999,1,1,'Australian Grand Prix','1999-03-07','00:00:00','http://en.wikipedia.org/wiki/1999_Australian_Grand_Prix'),(176,1999,2,18,'Brazilian Grand Prix','1999-04-11','00:00:00','http://en.wikipedia.org/wiki/1999_Brazilian_Grand_Prix'),(177,1999,3,21,'San Marino Grand Prix','1999-05-02','00:00:00','http://en.wikipedia.org/wiki/1999_San_Marino_Grand_Prix'),(178,1999,4,6,'Monaco Grand Prix','1999-05-16','00:00:00','http://en.wikipedia.org/wiki/1999_Monaco_Grand_Prix'),(179,1999,5,4,'Spanish Grand Prix','1999-05-30','00:00:00','http://en.wikipedia.org/wiki/1999_Spanish_Grand_Prix'),(180,1999,6,7,'Canadian Grand Prix','1999-06-13','00:00:00','http://en.wikipedia.org/wiki/1999_Canadian_Grand_Prix'),(181,1999,7,8,'French Grand Prix','1999-06-27','00:00:00','http://en.wikipedia.org/wiki/1999_French_Grand_Prix'),(182,1999,8,9,'British Grand Prix','1999-07-11','00:00:00','http://en.wikipedia.org/wiki/1999_British_Grand_Prix'),(183,1999,9,23,'Austrian Grand Prix','1999-07-25','00:00:00','http://en.wikipedia.org/wiki/1999_Austrian_Grand_Prix'),(184,1999,10,10,'German Grand Prix','1999-08-01','00:00:00','http://en.wikipedia.org/wiki/1999_German_Grand_Prix'),(185,1999,11,11,'Hungarian Grand Prix','1999-08-15','00:00:00','http://en.wikipedia.org/wiki/1999_Hungarian_Grand_Prix'),(186,1999,12,13,'Belgian Grand Prix','1999-08-29','00:00:00','http://en.wikipedia.org/wiki/1999_Belgian_Grand_Prix'),(187,1999,13,14,'Italian Grand Prix','1999-09-12','00:00:00','http://en.wikipedia.org/wiki/1999_Italian_Grand_Prix'),(188,1999,14,20,'European Grand Prix','1999-09-26','00:00:00','http://en.wikipedia.org/wiki/1999_European_Grand_Prix'),(189,1999,15,2,'Malaysian Grand Prix','1999-10-17','00:00:00','http://en.wikipedia.org/wiki/1999_Malaysian_Grand_Prix'),(190,1999,16,22,'Japanese Grand Prix','1999-10-31','00:00:00','http://en.wikipedia.org/wiki/1999_Japanese_Grand_Prix'),(191,1998,1,1,'Australian Grand Prix','1998-03-08','00:00:00','http://en.wikipedia.org/wiki/1998_Australian_Grand_Prix'),(192,1998,2,18,'Brazilian Grand Prix','1998-03-29','00:00:00','http://en.wikipedia.org/wiki/1998_Brazilian_Grand_Prix'),(193,1998,3,25,'Argentine Grand Prix','1998-04-12','00:00:00','http://en.wikipedia.org/wiki/1998_Argentine_Grand_Prix'),(194,1998,4,21,'San Marino Grand Prix','1998-04-26','00:00:00','http://en.wikipedia.org/wiki/1998_San_Marino_Grand_Prix'),(195,1998,5,4,'Spanish Grand Prix','1998-05-10','00:00:00','http://en.wikipedia.org/wiki/1998_Spanish_Grand_Prix'),(196,1998,6,6,'Monaco Grand Prix','1998-05-24','00:00:00','http://en.wikipedia.org/wiki/1998_Monaco_Grand_Prix'),(197,1998,7,7,'Canadian Grand Prix','1998-06-07','00:00:00','http://en.wikipedia.org/wiki/1998_Canadian_Grand_Prix'),(198,1998,8,8,'French Grand Prix','1998-06-28','00:00:00','http://en.wikipedia.org/wiki/1998_French_Grand_Prix'),(199,1998,9,9,'British Grand Prix','1998-07-12','00:00:00','http://en.wikipedia.org/wiki/1998_British_Grand_Prix'),(200,1998,10,23,'Austrian Grand Prix','1998-07-26','00:00:00','http://en.wikipedia.org/wiki/1998_Austrian_Grand_Prix'),(201,1998,11,10,'German Grand Prix','1998-08-02','00:00:00','http://en.wikipedia.org/wiki/1998_German_Grand_Prix'),(202,1998,12,11,'Hungarian Grand Prix','1998-08-16','00:00:00','http://en.wikipedia.org/wiki/1998_Hungarian_Grand_Prix'),(203,1998,13,13,'Belgian Grand Prix','1998-08-30','00:00:00','http://en.wikipedia.org/wiki/1998_Belgian_Grand_Prix'),(204,1998,14,14,'Italian Grand Prix','1998-09-13','00:00:00','http://en.wikipedia.org/wiki/1998_Italian_Grand_Prix'),(205,1998,15,20,'Luxembourg Grand Prix','1998-09-27','00:00:00','http://en.wikipedia.org/wiki/1998_Luxembourg_Grand_Prix'),(206,1998,16,22,'Japanese Grand Prix','1998-11-01','00:00:00','http://en.wikipedia.org/wiki/1998_Japanese_Grand_Prix'),(207,1997,1,1,'Australian Grand Prix','1997-03-09','00:00:00','http://en.wikipedia.org/wiki/1997_Australian_Grand_Prix'),(208,1997,2,18,'Brazilian Grand Prix','1997-03-30','00:00:00','http://en.wikipedia.org/wiki/1997_Brazilian_Grand_Prix'),(209,1997,3,25,'Argentine Grand Prix','1997-04-13','00:00:00','http://en.wikipedia.org/wiki/1997_Argentine_Grand_Prix'),(210,1997,4,21,'San Marino Grand Prix','1997-04-27','00:00:00','http://en.wikipedia.org/wiki/1997_San_Marino_Grand_Prix'),(211,1997,5,6,'Monaco Grand Prix','1997-05-11','00:00:00','http://en.wikipedia.org/wiki/1997_Monaco_Grand_Prix'),(212,1997,6,4,'Spanish Grand Prix','1997-05-25','00:00:00','http://en.wikipedia.org/wiki/1997_Spanish_Grand_Prix'),(213,1997,7,7,'Canadian Grand Prix','1997-06-15','00:00:00','http://en.wikipedia.org/wiki/1997_Canadian_Grand_Prix'),(214,1997,8,8,'French Grand Prix','1997-06-29','00:00:00','http://en.wikipedia.org/wiki/1997_French_Grand_Prix'),(215,1997,9,9,'British Grand Prix','1997-07-13','00:00:00','http://en.wikipedia.org/wiki/1997_British_Grand_Prix'),(216,1997,10,10,'German Grand Prix','1997-07-27','00:00:00','http://en.wikipedia.org/wiki/1997_German_Grand_Prix'),(217,1997,11,11,'Hungarian Grand Prix','1997-08-10','00:00:00','http://en.wikipedia.org/wiki/1997_Hungarian_Grand_Prix'),(218,1997,12,13,'Belgian Grand Prix','1997-08-24','00:00:00','http://en.wikipedia.org/wiki/1997_Belgian_Grand_Prix'),(219,1997,13,14,'Italian Grand Prix','1997-09-07','00:00:00','http://en.wikipedia.org/wiki/1997_Italian_Grand_Prix'),(220,1997,14,23,'Austrian Grand Prix','1997-09-21','00:00:00','http://en.wikipedia.org/wiki/1997_Austrian_Grand_Prix'),(221,1997,15,20,'Luxembourg Grand Prix','1997-09-28','00:00:00','http://en.wikipedia.org/wiki/1997_Luxembourg_Grand_Prix'),(222,1997,16,22,'Japanese Grand Prix','1997-10-12','00:00:00','http://en.wikipedia.org/wiki/1997_Japanese_Grand_Prix'),(223,1997,17,26,'European Grand Prix','1997-10-26','00:00:00','http://en.wikipedia.org/wiki/1997_European_Grand_Prix'),(224,1996,1,1,'Australian Grand Prix','1996-03-10','00:00:00','http://en.wikipedia.org/wiki/1996_Australian_Grand_Prix'),(225,1996,2,18,'Brazilian Grand Prix','1996-03-31','00:00:00','http://en.wikipedia.org/wiki/1996_Brazilian_Grand_Prix'),(226,1996,3,25,'Argentine Grand Prix','1996-04-07','00:00:00','http://en.wikipedia.org/wiki/1996_Argentine_Grand_Prix'),(227,1996,4,20,'European Grand Prix','1996-04-28','00:00:00','http://en.wikipedia.org/wiki/1996_European_Grand_Prix'),(228,1996,5,21,'San Marino Grand Prix','1996-05-05','00:00:00','http://en.wikipedia.org/wiki/1996_San_Marino_Grand_Prix'),(229,1996,6,6,'Monaco Grand Prix','1996-05-19','00:00:00','http://en.wikipedia.org/wiki/1996_Monaco_Grand_Prix'),(230,1996,7,4,'Spanish Grand Prix','1996-06-02','00:00:00','http://en.wikipedia.org/wiki/1996_Spanish_Grand_Prix'),(231,1996,8,7,'Canadian Grand Prix','1996-06-16','00:00:00','http://en.wikipedia.org/wiki/1996_Canadian_Grand_Prix'),(232,1996,9,8,'French Grand Prix','1996-06-30','00:00:00','http://en.wikipedia.org/wiki/1996_French_Grand_Prix'),(233,1996,10,9,'British Grand Prix','1996-07-14','00:00:00','http://en.wikipedia.org/wiki/1996_British_Grand_Prix'),(234,1996,11,10,'German Grand Prix','1996-07-28','00:00:00','http://en.wikipedia.org/wiki/1996_German_Grand_Prix'),(235,1996,12,11,'Hungarian Grand Prix','1996-08-11','00:00:00','http://en.wikipedia.org/wiki/1996_Hungarian_Grand_Prix'),(236,1996,13,13,'Belgian Grand Prix','1996-08-25','00:00:00','http://en.wikipedia.org/wiki/1996_Belgian_Grand_Prix'),(237,1996,14,14,'Italian Grand Prix','1996-09-08','00:00:00','http://en.wikipedia.org/wiki/1996_Italian_Grand_Prix'),(238,1996,15,27,'Portuguese Grand Prix','1996-09-22','00:00:00','http://en.wikipedia.org/wiki/1996_Portuguese_Grand_Prix'),(239,1996,16,22,'Japanese Grand Prix','1996-10-13','00:00:00','http://en.wikipedia.org/wiki/1996_Japanese_Grand_Prix'),(240,1995,1,18,'Brazilian Grand Prix','1995-03-26','00:00:00','http://en.wikipedia.org/wiki/1995_Brazilian_Grand_Prix'),(241,1995,2,25,'Argentine Grand Prix','1995-04-09','00:00:00','http://en.wikipedia.org/wiki/1995_Argentine_Grand_Prix'),(242,1995,3,21,'San Marino Grand Prix','1995-04-30','00:00:00','http://en.wikipedia.org/wiki/1995_San_Marino_Grand_Prix'),(243,1995,4,4,'Spanish Grand Prix','1995-05-14','00:00:00','http://en.wikipedia.org/wiki/1995_Spanish_Grand_Prix'),(244,1995,5,6,'Monaco Grand Prix','1995-05-28','00:00:00','http://en.wikipedia.org/wiki/1995_Monaco_Grand_Prix'),(245,1995,6,7,'Canadian Grand Prix','1995-06-11','00:00:00','http://en.wikipedia.org/wiki/1995_Canadian_Grand_Prix'),(246,1995,7,8,'French Grand Prix','1995-07-02','00:00:00','http://en.wikipedia.org/wiki/1995_French_Grand_Prix'),(247,1995,8,9,'British Grand Prix','1995-07-16','00:00:00','http://en.wikipedia.org/wiki/1995_British_Grand_Prix'),(248,1995,9,10,'German Grand Prix','1995-07-30','00:00:00','http://en.wikipedia.org/wiki/1995_German_Grand_Prix'),(249,1995,10,11,'Hungarian Grand Prix','1995-08-13','00:00:00','http://en.wikipedia.org/wiki/1995_Hungarian_Grand_Prix'),(250,1995,11,13,'Belgian Grand Prix','1995-08-27','00:00:00','http://en.wikipedia.org/wiki/1995_Belgian_Grand_Prix'),(251,1995,12,14,'Italian Grand Prix','1995-09-10','00:00:00','http://en.wikipedia.org/wiki/1995_Italian_Grand_Prix'),(252,1995,13,27,'Portuguese Grand Prix','1995-09-24','00:00:00','http://en.wikipedia.org/wiki/1995_Portuguese_Grand_Prix'),(253,1995,14,20,'European Grand Prix','1995-10-01','00:00:00','http://en.wikipedia.org/wiki/1995_European_Grand_Prix'),(254,1995,15,28,'Pacific Grand Prix','1995-10-22','00:00:00','http://en.wikipedia.org/wiki/1995_Pacific_Grand_Prix'),(255,1995,16,22,'Japanese Grand Prix','1995-10-29','00:00:00','http://en.wikipedia.org/wiki/1995_Japanese_Grand_Prix'),(256,1995,17,29,'Australian Grand Prix','1995-11-12','00:00:00','http://en.wikipedia.org/wiki/1995_Australian_Grand_Prix'),(257,1994,1,18,'Brazilian Grand Prix','1994-03-27','00:00:00','http://en.wikipedia.org/wiki/1994_Brazilian_Grand_Prix'),(258,1994,2,28,'Pacific Grand Prix','1994-04-17','00:00:00','http://en.wikipedia.org/wiki/1994_Pacific_Grand_Prix'),(259,1994,3,21,'San Marino Grand Prix','1994-05-01','00:00:00','http://en.wikipedia.org/wiki/1994_San_Marino_Grand_Prix'),(260,1994,4,6,'Monaco Grand Prix','1994-05-15','00:00:00','http://en.wikipedia.org/wiki/1994_Monaco_Grand_Prix'),(261,1994,5,4,'Spanish Grand Prix','1994-05-29','00:00:00','http://en.wikipedia.org/wiki/1994_Spanish_Grand_Prix'),(262,1994,6,7,'Canadian Grand Prix','1994-06-12','00:00:00','http://en.wikipedia.org/wiki/1994_Canadian_Grand_Prix'),(263,1994,7,8,'French Grand Prix','1994-07-03','00:00:00','http://en.wikipedia.org/wiki/1994_French_Grand_Prix'),(264,1994,8,9,'British Grand Prix','1994-07-10','00:00:00','http://en.wikipedia.org/wiki/1994_British_Grand_Prix'),(265,1994,9,10,'German Grand Prix','1994-07-31','00:00:00','http://en.wikipedia.org/wiki/1994_German_Grand_Prix'),(266,1994,10,11,'Hungarian Grand Prix','1994-08-14','00:00:00','http://en.wikipedia.org/wiki/1994_Hungarian_Grand_Prix'),(267,1994,11,13,'Belgian Grand Prix','1994-08-28','00:00:00','http://en.wikipedia.org/wiki/1994_Belgian_Grand_Prix'),(268,1994,12,14,'Italian Grand Prix','1994-09-11','00:00:00','http://en.wikipedia.org/wiki/1994_Italian_Grand_Prix'),(269,1994,13,27,'Portuguese Grand Prix','1994-09-25','00:00:00','http://en.wikipedia.org/wiki/1994_Portuguese_Grand_Prix'),(270,1994,14,26,'European Grand Prix','1994-10-16','00:00:00','http://en.wikipedia.org/wiki/1994_European_Grand_Prix'),(271,1994,15,22,'Japanese Grand Prix','1994-11-06','00:00:00','http://en.wikipedia.org/wiki/1994_Japanese_Grand_Prix'),(272,1994,16,29,'Australian Grand Prix','1994-11-13','00:00:00','http://en.wikipedia.org/wiki/1994_Australian_Grand_Prix'),(273,1993,1,30,'South African Grand Prix','1993-03-14','00:00:00','http://en.wikipedia.org/wiki/1993_South_African_Grand_Prix'),(274,1993,2,18,'Brazilian Grand Prix','1993-03-28','00:00:00','http://en.wikipedia.org/wiki/1993_Brazilian_Grand_Prix'),(275,1993,3,31,'European Grand Prix','1993-04-11','00:00:00','http://en.wikipedia.org/wiki/1993_European_Grand_Prix'),(276,1993,4,21,'San Marino Grand Prix','1993-04-25','00:00:00','http://en.wikipedia.org/wiki/1993_San_Marino_Grand_Prix'),(277,1993,5,4,'Spanish Grand Prix','1993-05-09','00:00:00','http://en.wikipedia.org/wiki/1993_Spanish_Grand_Prix'),(278,1993,6,6,'Monaco Grand Prix','1993-05-23','00:00:00','http://en.wikipedia.org/wiki/1993_Monaco_Grand_Prix'),(279,1993,7,7,'Canadian Grand Prix','1993-06-13','00:00:00','http://en.wikipedia.org/wiki/1993_Canadian_Grand_Prix'),(280,1993,8,8,'French Grand Prix','1993-07-04','00:00:00','http://en.wikipedia.org/wiki/1993_French_Grand_Prix'),(281,1993,9,9,'British Grand Prix','1993-07-11','00:00:00','http://en.wikipedia.org/wiki/1993_British_Grand_Prix'),(282,1993,10,10,'German Grand Prix','1993-07-25','00:00:00','http://en.wikipedia.org/wiki/1993_German_Grand_Prix'),(283,1993,11,11,'Hungarian Grand Prix','1993-08-15','00:00:00','http://en.wikipedia.org/wiki/1993_Hungarian_Grand_Prix'),(284,1993,12,13,'Belgian Grand Prix','1993-08-29','00:00:00','http://en.wikipedia.org/wiki/1993_Belgian_Grand_Prix'),(285,1993,13,14,'Italian Grand Prix','1993-09-12','00:00:00','http://en.wikipedia.org/wiki/1993_Italian_Grand_Prix'),(286,1993,14,27,'Portuguese Grand Prix','1993-09-26','00:00:00','http://en.wikipedia.org/wiki/1993_Portuguese_Grand_Prix'),(287,1993,15,22,'Japanese Grand Prix','1993-10-24','00:00:00','http://en.wikipedia.org/wiki/1993_Japanese_Grand_Prix'),(288,1993,16,29,'Australian Grand Prix','1993-11-07','00:00:00','http://en.wikipedia.org/wiki/1993_Australian_Grand_Prix'),(289,1992,1,30,'South African Grand Prix','1992-03-01','00:00:00','http://en.wikipedia.org/wiki/1992_South_African_Grand_Prix'),(290,1992,2,32,'Mexican Grand Prix','1992-03-22','00:00:00','http://en.wikipedia.org/wiki/1992_Mexican_Grand_Prix'),(291,1992,3,18,'Brazilian Grand Prix','1992-04-05','00:00:00','http://en.wikipedia.org/wiki/1992_Brazilian_Grand_Prix'),(292,1992,4,4,'Spanish Grand Prix','1992-05-03','00:00:00','http://en.wikipedia.org/wiki/1992_Spanish_Grand_Prix'),(293,1992,5,21,'San Marino Grand Prix','1992-05-17','00:00:00','http://en.wikipedia.org/wiki/1992_San_Marino_Grand_Prix'),(294,1992,6,6,'Monaco Grand Prix','1992-05-31','00:00:00','http://en.wikipedia.org/wiki/1992_Monaco_Grand_Prix'),(295,1992,7,7,'Canadian Grand Prix','1992-06-14','00:00:00','http://en.wikipedia.org/wiki/1992_Canadian_Grand_Prix'),(296,1992,8,8,'French Grand Prix','1992-07-05','00:00:00','http://en.wikipedia.org/wiki/1992_French_Grand_Prix'),(297,1992,9,9,'British Grand Prix','1992-07-12','00:00:00','http://en.wikipedia.org/wiki/1992_British_Grand_Prix'),(298,1992,10,10,'German Grand Prix','1992-07-26','00:00:00','http://en.wikipedia.org/wiki/1992_German_Grand_Prix'),(299,1992,11,11,'Hungarian Grand Prix','1992-08-16','00:00:00','http://en.wikipedia.org/wiki/1992_Hungarian_Grand_Prix'),(300,1992,12,13,'Belgian Grand Prix','1992-08-30','00:00:00','http://en.wikipedia.org/wiki/1992_Belgian_Grand_Prix'),(841,2011,1,1,'Australian Grand Prix','2011-03-27','06:00:00','http://en.wikipedia.org/wiki/2011_Australian_Grand_Prix'),(842,2011,2,2,'Malaysian Grand Prix','2011-04-10','08:00:00','http://en.wikipedia.org/wiki/2011_Malaysian_Grand_Prix'),(843,2011,3,17,'Chinese Grand Prix','2011-04-17','07:00:00','http://en.wikipedia.org/wiki/2011_Chinese_Grand_Prix'),(844,2011,4,5,'Turkish Grand Prix','2011-05-08','12:00:00','http://en.wikipedia.org/wiki/2011_Turkish_Grand_Prix'),(845,2011,5,4,'Spanish Grand Prix','2011-05-22','12:00:00','http://en.wikipedia.org/wiki/2011_Spanish_Grand_Prix'),(846,2011,6,6,'Monaco Grand Prix','2011-05-29','12:00:00','http://en.wikipedia.org/wiki/2011_Monaco_Grand_Prix'),(847,2011,7,7,'Canadian Grand Prix','2011-06-12','17:00:00','http://en.wikipedia.org/wiki/2011_Canadian_Grand_Prix'),(848,2011,8,12,'European Grand Prix','2011-06-26','12:00:00','http://en.wikipedia.org/wiki/2011_European_Grand_Prix'),(849,2011,9,9,'British Grand Prix','2011-07-10','12:00:00','http://en.wikipedia.org/wiki/2011_British_Grand_Prix'),(850,2011,10,20,'German Grand Prix','2011-07-24','12:00:00','http://en.wikipedia.org/wiki/2011_German_Grand_Prix'),(851,2011,11,11,'Hungarian Grand Prix','2011-07-31','12:00:00','http://en.wikipedia.org/wiki/2011_Hungarian_Grand_Prix'),(852,2011,12,13,'Belgian Grand Prix','2011-08-28','12:00:00','http://en.wikipedia.org/wiki/2011_Belgian_Grand_Prix'),(853,2011,13,14,'Italian Grand Prix','2011-09-11','12:00:00','http://en.wikipedia.org/wiki/2011_Italian_Grand_Prix'),(854,2011,14,15,'Singapore Grand Prix','2011-09-25','12:00:00','http://en.wikipedia.org/wiki/2011_Singapore_Grand_Prix');
/*!40000 ALTER TABLE `races` ENABLE KEYS */;
UNLOCK TABLES;

--
-- Table structure for table `results`
--

DROP TABLE IF EXISTS `results`;
/*!40101 SET @saved_cs_client     = @@character_set_client */;
/*!50503 SET character_set_client = utf8mb4 */;
CREATE TABLE `results` (
  `resultId` int NOT NULL,
  `raceId` int DEFAULT NULL,
  `driverId` int DEFAULT NULL,
  `constructorId` int DEFAULT NULL,
  `number` varchar(2) DEFAULT NULL,
  `grid` varchar(2) DEFAULT NULL,
  `position` varchar(3) DEFAULT NULL,
  `positionText` varchar(10) DEFAULT NULL,
  `positionOrder` varchar(2) DEFAULT NULL,
  `points` varchar(2) DEFAULT NULL,
  `laps` varchar(3) DEFAULT NULL,
  `time` varchar(20) DEFAULT NULL,
  `milliseconds` varchar(20) DEFAULT NULL,
  `fastestLap` int DEFAULT NULL,
  `ranks` int DEFAULT NULL,
  `fastestLapTime` varchar(20) DEFAULT NULL,
  `fastestLapSpeed` decimal(6,3) DEFAULT NULL,
  `statusId` int DEFAULT NULL,
  PRIMARY KEY (`resultId`),
  KEY `raceId` (`raceId`),
  KEY `driverId` (`driverId`),
  KEY `constructorId` (`constructorId`),
  CONSTRAINT `results_ibfk_1` FOREIGN KEY (`raceId`) REFERENCES `races` (`raceId`),
  CONSTRAINT `results_ibfk_2` FOREIGN KEY (`driverId`) REFERENCES `drivers` (`driverId`),
  CONSTRAINT `results_ibfk_3` FOREIGN KEY (`constructorId`) REFERENCES `constructors` (`constructorId`) ON DELETE SET NULL ON UPDATE CASCADE
) ENGINE=InnoDB DEFAULT CHARSET=utf8mb4 COLLATE=utf8mb4_0900_ai_ci;
/*!40101 SET character_set_client = @saved_cs_client */;

--
-- Dumping data for table `results`
--

LOCK TABLES `results` WRITE;
/*!40000 ALTER TABLE `results` DISABLE KEYS */;
INSERT INTO `results` VALUES (1,18,1,1,'22','1','1','1','1','10','58','34:50.6','5690616',39,2,'01:27.5',218.300,1),(2,18,2,2,'3','5','2','2','2','8','58','5.478','5696094',41,3,'01:27.7',217.586,1),(3,18,3,3,'7','7','3','3','3','6','58','8.163','5698779',41,5,'01:28.1',216.719,1),(4,18,4,4,'5','11','4','4','4','5','58','17.181','5707797',58,7,'01:28.6',215.464,1),(5,18,5,1,'23','3','5','5','5','4','58','18.014','5708630',43,1,'01:27.4',218.385,1),(6,18,6,3,'8','13','6','6','6','3','57','','',50,14,'01:29.6',212.974,11),(7,18,7,5,'14','17','7','7','7','2','55','','',22,12,'01:29.5',213.224,5),(8,18,8,6,'1','15','8','8','8','1','53','','',20,4,'01:27.9',217.180,5),(9,18,9,2,'4','2','','R','9','0','47','','',15,9,'01:28.8',215.100,4),(10,18,10,7,'12','18','','R','10','0','43','','',23,13,'01:29.6',213.166,3),(11,18,11,8,'18','19','','R','11','0','32','','',24,15,'01:30.9',210.038,7),(12,18,12,4,'6','20','','R','12','0','30','','',20,16,'01:31.4',208.907,8),(13,18,13,6,'2','4','','R','13','0','29','','',23,6,'01:28.2',216.510,5),(14,18,14,9,'9','8','','R','14','0','25','','',21,11,'01:29.5',213.300,4),(15,18,15,7,'11','6','','R','15','0','19','','',18,10,'01:29.3',213.758,10),(16,18,16,10,'20','22','','R','16','0','8','','',8,17,'01:32.0',207.461,9),(22,18,22,11,'17','10','','D','22','0','58','','',44,8,'01:28.7',215.141,2),(23,19,8,6,'1','2','1','1','1','10','56','31:18.6','5478555',37,2,'01:35.4',209.158,1),(24,19,9,2,'4','4','2','2','2','8','56','19.57','5498125',39,6,'01:35.9',208.033,1),(25,19,5,1,'23','8','3','3','3','6','56','38.45','5517005',19,7,'01:35.9',208.031,1),(26,19,15,7,'11','3','4','4','4','5','56','45.832','5524387',53,8,'01:36.1',207.715,1),(27,19,1,1,'22','9','5','5','5','4','56','46.548','5525103',53,3,'01:35.5',209.033,1),(28,19,2,2,'3','5','6','6','6','3','56','49.833','5528388',55,1,'01:35.4',209.244,1),(29,19,17,9,'10','6','7','7','7','2','56','+1:08.130','5546685',53,12,'01:36.7',206.366,1),(30,19,4,4,'5','7','8','8','8','1','56','+1:10.041','5548596',40,10,'01:36.3',207.240,1),(31,19,14,9,'9','12','9','9','9','0','56','+1:16.220','5554775',55,9,'01:36.2',207.417,1),(32,19,18,11,'16','11','10','10','10','0','56','+1:26.214','5564769',56,4,'01:35.7',208.481,1),(33,19,12,4,'6','13','11','11','11','0','56','+1:32.202','5570757',52,15,'01:37.0',205.812,1),(34,19,21,10,'21','17','12','12','12','0','55','','',52,16,'01:37.0',205.800,11),(35,19,22,11,'17','14','13','13','13','0','55','','',55,11,'01:36.7',206.372,11),(36,19,3,3,'7','16','14','14','14','0','55','','',55,13,'01:36.8',206.182,11),(37,19,19,8,'19','21','15','15','15','0','55','','',55,18,'01:38.2',203.265,11),(38,19,11,8,'18','19','16','16','16','0','54','','',53,19,'01:38.5',202.578,12),(39,19,6,3,'8','22','17','17','17','0','54','','',19,17,'01:37.7',204.222,12),(40,19,20,5,'15','15','','R','18','0','39','','',37,14,'01:36.9',205.995,5),(41,19,13,6,'2','1','','R','19','0','30','','',15,5,'01:35.9',208.048,20),(42,19,16,10,'20','20','','R','20','0','5','','',3,20,'01:40.3',198.891,9),(45,20,13,6,'2','2','1','1','1','10','57','31:07.0','5466970',38,3,'01:33.6',208.153,1),(46,20,8,6,'1','4','2','2','2','8','57','3.339','5470309',35,4,'01:33.7',207.911,1),(47,20,9,2,'4','1','3','3','3','6','57','4.998','5471968',55,5,'01:33.8',207.765,1),(48,20,2,2,'3','6','4','4','4','5','57','8.409','5475379',48,2,'01:33.6',208.231,1),(49,20,5,1,'23','5','5','5','5','4','57','26.789','5493759',49,1,'01:33.2',209.062,1),(50,20,15,7,'11','7','6','6','6','3','57','41.314','5508284',45,7,'01:34.2',206.819,1),(51,20,17,9,'10','11','7','7','7','2','57','45.473','5512443',51,8,'01:34.3',206.597,1),(52,20,3,3,'7','8','8','8','8','1','57','55.889','5522859',57,6,'01:34.1',207.109,1),(53,20,10,7,'12','13','9','9','9','0','57','+1:09.500','5536470',56,9,'01:34.8',205.503,1),(54,20,4,4,'5','10','10','10','10','0','57','+1:17.181','5544151',35,13,'01:35.2',204.668,1),(55,20,22,11,'17','12','11','11','11','0','57','+1:17.862','5544832',40,10,'01:34.9',205.399,1),(56,20,21,10,'21','18','12','12','12','0','56','','',56,11,'01:35.1',204.963,11),(57,20,1,1,'22','3','13','13','13','0','56','','',25,19,'01:35.5',203.969,11),(58,20,6,3,'8','16','14','14','14','0','56','','',30,17,'01:35.4',204.155,11),(59,20,7,5,'14','15','15','15','15','0','56','','',33,15,'01:35.3',204.369,11),(60,20,19,8,'19','21','16','16','16','0','56','','',45,14,'01:35.3',204.389,11),(61,20,11,8,'18','22','17','17','17','0','56','','',56,20,'01:35.9',203.180,11),(62,20,14,9,'9','17','18','18','18','0','56','','',43,16,'01:35.4',204.331,11),(63,20,16,10,'20','20','19','19','19','0','56','','',55,18,'01:35.4',204.136,12),(64,20,12,4,'6','14','','R','20','0','40','','',31,12,'01:35.1',204.808,6),(65,20,18,11,'16','9','','R','21','0','19','','',11,21,'01:36.1',202.686,4),(67,21,8,6,'1','1','1','1','1','10','66','38:19.1','5899051',46,1,'01:21.7',205.191,1),(68,21,13,6,'2','3','2','2','2','8','66','3.228','5902279',45,2,'01:21.8',204.863,1),(69,21,1,1,'22','5','3','3','3','6','66','4.187','5903238',20,3,'01:22.0',204.323,1),(70,21,9,2,'4','4','4','4','4','5','66','5.694','5904745',20,4,'01:22.1',204.102,1),(71,21,17,9,'10','7','5','5','5','4','66','35.938','5934989',19,8,'01:22.6',202.969,1),(72,21,18,11,'16','13','6','6','6','3','66','53.01','5952061',66,5,'01:22.4',203.489,1),(73,21,6,3,'8','12','7','7','7','2','66','58.244','5957295',48,15,'01:23.5',200.576,1),(74,21,15,7,'11','8','8','8','8','1','66','59.435','5958486',45,10,'01:22.8',202.494,1),(75,21,2,2,'3','9','9','9','9','0','66','+1:03.073','5962124',21,7,'01:22.5',203.080,1),(76,21,21,10,'21','19','10','10','10','0','65','','',40,14,'01:23.4',200.841,11),(77,21,10,7,'12','14','11','11','11','0','65','','',57,12,'01:23.0',201.886,11),(78,21,14,9,'9','17','12','12','12','0','65','','',57,11,'01:22.8',202.288,11),(79,21,11,8,'18','22','13','13','13','0','65','','',34,17,'01:24.6',198.045,11),(80,21,3,3,'7','15','','R','14','0','41','','',20,13,'01:23.3',201.130,5),(81,21,4,4,'5','2','','R','15','0','34','','',15,9,'01:22.7',202.677,5),(82,21,22,11,'17','11','','R','16','0','34','','',21,16,'01:23.9',199.837,4),(83,21,5,1,'23','6','','R','17','0','21','','',19,6,'01:22.5',203.243,3),(84,21,19,8,'19','21','','R','18','0','8','','',6,20,'01:26.9',192.922,21),(85,21,7,5,'14','16','','R','19','0','7','','',6,19,'01:26.0',194.862,4),(86,21,12,4,'6','10','','R','20','0','6','','',6,18,'01:25.4',196.128,4),(89,22,13,6,'2','1','1','1','1','10','58','26:49.5','5209451',16,3,'01:26.7',221.734,1),(90,22,1,1,'22','3','2','2','2','8','58','3.779','5213230',31,2,'01:26.5',222.085,1),(91,22,8,6,'1','4','3','3','3','6','58','4.271','5213722',20,1,'01:26.5',222.144,1),(92,22,9,2,'4','5','4','4','4','5','58','21.945','5231396',17,4,'01:26.8',221.442,1),(93,22,2,2,'3','9','5','5','5','4','58','38.741','5248192',20,5,'01:27.2',220.328,1),(94,22,4,4,'5','7','6','6','6','3','58','53.724','5263175',57,6,'01:27.3',220.174,1),(95,22,17,9,'10','6','7','7','7','2','58','+1:04.229','5273680',14,7,'01:27.6',219.294,1),(96,22,3,3,'7','11','8','8','8','1','58','+1:11.406','5280857',55,9,'01:27.8',218.882,1),(97,22,14,9,'9','10','9','9','9','0','58','+1:15.270','5284721',41,12,'01:28.0',218.457,1),(98,22,15,7,'11','8','10','10','10','0','58','+1:16.344','5285795',52,11,'01:27.9',218.556,1),(99,22,18,11,'16','13','11','11','11','0','57','','',57,13,'01:28.0',218.377,11),(100,22,5,1,'23','2','12','12','12','0','57','','',55,8,'01:27.6',219.269,11),(101,22,10,7,'12','15','13','13','13','0','57','','',28,16,'01:28.3',217.623,11),(102,22,22,11,'17','12','14','14','14','0','57','','',56,14,'01:28.0',218.330,11),(103,22,12,4,'6','17','15','15','15','0','57','','',40,10,'01:27.9',218.703,11),(104,22,16,10,'20','19','16','16','16','0','57','','',35,18,'01:28.8',216.454,11),(105,22,20,5,'15','14','17','17','17','0','57','','',38,15,'01:28.2',217.926,11),(106,22,7,5,'14','18','','R','18','0','24','','',19,17,'01:28.7',216.539,22),(109,23,1,1,'22','3','1','1','1','10','76','00:42.7','7242742',71,6,'01:18.5',153.152,1),(110,23,9,2,'4','5','2','2','2','8','76','3.064','7245806',75,5,'01:17.9',154.286,1),(111,23,13,6,'2','1','3','3','3','6','76','4.811','7247553',76,4,'01:17.9',154.379,1),(112,23,17,9,'10','9','4','4','4','5','76','19.295','7262037',74,8,'01:19.0',152.133,1),(113,23,20,5,'15','19','5','5','5','4','76','24.657','7267399',74,7,'01:18.8',152.614,1),(114,23,22,11,'17','14','6','6','6','3','76','28.408','7271150',75,9,'01:19.6',151.104,1),(115,23,6,3,'8','13','7','7','7','2','76','30.18','7272922',75,13,'01:19.9',150.469,1),(116,23,5,1,'23','4','8','8','8','1','76','33.191','7275933',74,2,'01:17.3',155.586,1),(117,23,8,6,'1','2','9','9','9','0','76','33.792','7276534',74,1,'01:16.7',156.789,1),(118,23,4,4,'5','7','10','10','10','0','75','','',73,3,'01:17.9',154.413,11),(119,23,18,11,'16','11','11','11','11','0','75','','',74,10,'01:19.6',151.089,11),(120,23,10,7,'12','10','12','12','12','0','75','','',75,11,'01:19.6',151.021,11),(121,23,15,7,'11','8','13','13','13','0','75','','',75,12,'01:19.8',150.620,11),(122,23,2,2,'3','12','14','14','14','0','72','','',72,14,'01:20.3',149.829,14),(123,23,16,10,'20','18','','R','15','0','67','','',60,16,'01:22.0',146.564,4),(124,23,3,3,'7','6','','R','16','0','59','','',58,15,'01:21.3',147.951,3),(125,23,12,4,'6','17','','R','17','0','47','','',40,17,'01:31.2',131.860,3),(126,23,21,10,'21','20','','R','18','0','36','','',33,18,'01:32.8',129.500,6),(127,23,14,9,'9','15','','R','19','0','7','','',7,20,'01:42.1',117.753,3),(128,23,7,5,'14','16','','R','20','0','7','','',7,19,'01:41.2',118.872,4),(129,24,9,2,'4','2','1','1','1','10','70','36:24.2','5784227',47,4,'01:17.5',202.473,1),(130,24,2,2,'3','8','2','2','2','8','70','16.495','5800722',25,2,'01:17.4',202.758,1),(131,24,14,9,'9','13','3','3','3','6','70','23.352','5807579',36,7,'01:18.1',201.057,1),(132,24,10,7,'12','11','4','4','4','5','70','42.627','5826854',31,17,'01:19.1',198.510,1),(133,24,13,6,'2','6','5','5','5','4','70','43.934','5828161',11,6,'01:18.0',201.261,1),(134,24,15,7,'11','14','6','6','6','3','70','47.775','5832002',38,15,'01:18.9',199.056,1),(135,24,22,11,'17','9','7','7','7','2','70','53.597','5837824',35,10,'01:18.3',200.503,1),(136,24,20,5,'15','19','8','8','8','1','70','54.12','5838347',33,12,'01:18.5',199.913,1),(137,24,5,1,'23','7','9','9','9','0','70','54.433','5838660',62,11,'01:18.5',200.091,1),(138,24,3,3,'7','5','10','10','10','0','70','54.749','5838976',14,5,'01:18.0',201.336,1),(139,24,18,11,'16','20','11','11','11','0','70','+1:07.540','5851767',58,19,'01:19.4',197.847,1),(140,24,17,9,'10','10','12','12','12','0','70','+1:11.299','5855526',51,8,'01:18.2',200.759,1),(141,24,7,5,'14','18','13','13','13','0','69','','',34,13,'01:18.6',199.689,11),(142,24,21,10,'21','17','','R','14','0','51','','',41,16,'01:19.1',198.563,20),(143,24,6,3,'8','12','','R','15','0','46','','',30,14,'01:18.8',199.273,3),(144,24,4,4,'5','4','','R','16','0','44','','',16,9,'01:18.2',200.697,20),(145,24,12,4,'6','15','','R','17','0','43','','',16,18,'01:19.2',198.129,23),(146,24,8,6,'1','3','','R','18','0','19','','',14,1,'01:17.4',202.871,4),(147,24,1,1,'22','1','','R','19','0','19','','',4,3,'01:17.5',202.559,4),(148,24,16,10,'20','16','','R','20','0','13','','',7,20,'01:20.7',194.624,6),(149,25,13,6,'2','2','1','1','1','10','70','31:50.2','5510245',20,2,'01:16.7',206.956,1),(150,25,8,6,'1','1','2','2','2','8','70','17.984','5528229',16,1,'01:16.6',207.224,1),(151,25,15,7,'11','4','3','3','3','6','70','28.25','5538495',12,7,'01:17.6',204.721,1),(152,25,5,1,'23','10','4','4','4','5','70','28.929','5539174',46,3,'01:17.1',205.870,1),(153,25,9,2,'4','5','5','5','5','4','70','30.512','5540757',16,4,'01:17.2',205.768,1),(154,25,17,9,'10','6','6','6','6','3','70','40.304','5550549',22,6,'01:17.5',204.879,1),(155,25,12,4,'6','9','7','7','7','2','70','41.033','5551278',24,10,'01:17.8',204.218,1),(156,25,4,4,'5','3','8','8','8','1','70','43.372','5553617',39,8,'01:17.6',204.525,1),(157,25,14,9,'9','7','9','9','9','0','70','51.021','5561266',23,12,'01:17.8',204.060,1),(158,25,1,1,'22','13','10','10','10','0','70','54.538','5564783',40,5,'01:17.5',205.022,1),(159,25,10,7,'12','8','11','11','11','0','70','57.7','5567945',45,13,'01:17.8',204.013,1),(160,25,20,5,'15','12','12','12','12','0','70','58.065','5568310',36,11,'01:17.8',204.212,1),(161,25,2,2,'3','11','13','13','13','0','70','+1:02.079','5572324',46,9,'01:17.7',204.328,1),(162,25,22,11,'17','20','14','14','14','0','69','','',54,14,'01:18.0',203.665,11),(163,25,6,3,'8','15','15','15','15','0','69','','',60,15,'01:18.1',203.443,11),(164,25,3,3,'7','19','16','16','16','0','69','','',38,17,'01:18.3',202.776,11),(165,25,7,5,'14','14','17','17','17','0','69','','',28,16,'01:18.2',203.022,11),(166,25,21,10,'21','17','18','18','18','0','69','','',53,19,'01:18.6',202.141,11),(167,25,16,10,'20','18','19','19','19','0','69','','',41,18,'01:18.5',202.385,11),(168,25,18,11,'16','16','','R','20','0','16','','',15,20,'01:20.9',196.345,4),(169,26,1,1,'22','4','1','1','1','10','60','39:09.4','5949440',16,3,'01:32.8',199.398,1),(170,26,2,2,'3','5','2','2','2','8','60','+1:08.577','6018017',21,2,'01:32.7',199.609,1),(171,26,22,11,'17','16','3','3','3','6','60','+1:22.273','6031713',21,11,'01:33.4',198.183,1),(172,26,8,6,'1','3','4','4','4','5','59','','',18,1,'01:32.1',200.842,11),(173,26,5,1,'23','1','5','5','5','4','59','','',17,5,'01:33.1',198.728,11),(174,26,4,4,'5','6','6','6','6','3','59','','',17,6,'01:33.1',198.722,11),(175,26,15,7,'11','14','7','7','7','2','59','','',22,13,'01:33.8',197.292,11),(176,26,6,3,'8','15','8','8','8','1','59','','',21,14,'01:34.3',196.310,11),(177,26,3,3,'7','20','9','9','9','0','59','','',21,16,'01:34.8',195.234,11),(178,26,17,9,'10','2','10','10','10','0','59','','',17,4,'01:33.0',199.109,11),(179,26,7,5,'14','13','11','11','11','0','59','','',21,9,'01:33.4',198.224,11),(180,26,10,7,'12','12','12','12','12','0','59','','',19,15,'01:34.6',195.619,11),(181,26,13,6,'2','9','13','13','13','0','58','','',19,8,'01:33.3',198.458,12),(182,26,9,2,'4','10','','R','14','0','39','','',22,12,'01:33.5',197.859,20),(183,26,18,11,'16','17','','R','15','0','38','','',21,10,'01:33.4',198.205,20),(184,26,12,4,'6','7','','R','16','0','35','','',21,7,'01:33.2',198.573,20),(185,26,21,10,'21','19','','R','17','0','16','','',21,17,'01:34.9',194.960,20),(186,26,16,10,'20','18','','R','18','0','10','','',5,18,'01:38.2',188.545,20),(189,27,1,1,'22','1','1','1','1','10','67','31:20.9','5480874',17,2,'01:16.0',216.552,1),(190,27,12,4,'6','17','2','2','2','8','67','5.586','5486460',66,9,'01:16.9',214.099,1),(191,27,13,6,'2','2','3','3','3','6','67','9.339','5490213',19,5,'01:16.5',215.241,1),(192,27,2,2,'3','12','4','4','4','5','67','9.825','5490699',52,1,'01:16.0',216.700,1),(193,27,5,1,'23','3','5','5','5','4','67','12.411','5493285',63,4,'01:16.5',215.261,1),(194,27,8,6,'1','6','6','6','6','3','67','14.403','5495277',66,3,'01:16.3',215.692,1),(195,27,9,2,'4','7','7','7','7','2','67','22.682','5503556',17,6,'01:16.6',214.937,1),(196,27,20,5,'15','9','8','8','8','1','67','33.299','5514173',20,8,'01:16.8',214.484,1),(197,27,15,7,'11','4','9','9','9','0','67','37.158','5518032',17,12,'01:17.0',213.785,1),(198,27,3,3,'7','13','10','10','10','0','67','37.625','5518499',34,15,'01:17.4',212.799,1),(199,27,4,4,'5','5','11','11','11','0','67','38.6','5519474',17,13,'01:17.1',213.530,1),(200,27,7,5,'14','15','12','12','12','0','67','39.111','5519985',63,10,'01:17.0',213.935,1),(201,27,14,9,'9','10','13','13','13','0','67','54.971','5535845',18,11,'01:17.0',213.866,1),(202,27,6,3,'8','16','14','14','14','0','67','+1:00.003','5540877',23,17,'01:17.7',211.947,1),(203,27,16,10,'20','19','15','15','15','0','67','+1:09.488','5550362',66,18,'01:17.9',211.408,1),(204,27,21,10,'21','20','16','16','16','0','67','+1:24.093','5564967',67,20,'01:18.2',210.546,1),(205,27,18,11,'16','14','17','17','17','0','66','','',56,16,'01:17.6',212.097,11),(206,27,22,11,'17','18','','R','18','0','50','','',30,19,'01:18.0',211.145,4),(207,27,17,9,'10','8','','R','19','0','40','','',20,14,'01:17.2',213.278,5),(208,27,10,7,'12','11','','R','20','0','35','','',24,7,'01:16.7',214.652,22),(209,28,5,1,'23','2','1','1','1','10','70','37:27.1','5847067',19,7,'01:21.8',192.917,1),(210,28,10,7,'12','5','2','2','2','8','70','11.061','5858128',42,6,'01:21.7',193.111,1),(211,28,8,6,'1','6','3','3','3','6','70','16.856','5863923',61,1,'01:21.2',194.243,1),(212,28,4,4,'5','7','4','4','4','5','70','21.614','5868681',47,8,'01:21.8',192.823,1),(213,28,1,1,'22','1','5','5','5','4','70','23.048','5870115',15,3,'01:21.5',193.533,1),(214,28,12,4,'6','10','6','6','6','3','70','32.298','5879365',64,4,'01:21.5',193.428,1),(215,28,15,7,'11','9','7','7','7','2','70','36.449','5883516',65,5,'01:21.6',193.189,1),(216,28,9,2,'4','4','8','8','8','1','70','48.321','5895388',70,9,'01:21.9',192.475,1),(217,28,17,9,'10','8','9','9','9','0','70','58.834','5905901',67,10,'01:22.1',192.043,1),(218,28,2,2,'3','15','10','10','10','0','70','+1:07.709','5914776',67,11,'01:22.2',191.908,1),(219,28,14,9,'9','13','11','11','11','0','70','+1:10.407','5917474',67,16,'01:22.7',190.634,1),(220,28,18,11,'16','12','12','12','12','0','69','','',63,13,'01:22.4',191.409,11),(221,28,6,3,'8','16','13','13','13','0','69','','',67,18,'01:23.3',189.319,11),(222,28,3,3,'7','14','14','14','14','0','69','','',57,12,'01:22.4',191.409,11),(223,28,21,10,'21','18','15','15','15','0','69','','',68,15,'01:22.6',190.844,11),(224,28,22,11,'17','17','16','16','16','0','68','','',65,14,'01:22.4',191.319,12),(225,28,13,6,'2','3','17','17','17','0','67','','',16,2,'01:21.4',193.861,5),(226,28,7,5,'14','19','18','18','18','0','67','','',29,17,'01:23.2',189.516,13),(227,28,16,10,'20','20','','R','19','0','62','','',29,19,'01:23.7',188.542,23),(228,28,20,5,'15','11','','R','20','0','22','','',17,20,'01:24.2',187.262,25),(229,29,13,6,'2','1','1','1','1','10','57','35:32.3','5732339',36,1,'01:38.7',197.637,1),(230,29,1,1,'22','2','2','2','2','8','57','5.611','5737950',16,2,'01:38.9',197.285,1),(231,29,9,2,'4','3','3','3','3','6','57','37.353','5769692',38,4,'01:39.3',196.399,1),(232,29,5,1,'23','5','4','4','4','5','57','39.703','5772042',19,3,'01:39.1',196.831,1),(233,29,15,7,'11','7','5','5','5','4','57','50.684','5783023',37,12,'01:39.7',195.755,1),(234,29,20,5,'15','6','6','6','6','3','57','52.625','5784964',36,6,'01:39.5',196.093,1),(235,29,10,7,'12','13','7','7','7','2','57','+1:07.990','5800329',54,8,'01:39.5',195.995,1),(236,29,3,3,'7','9','8','8','8','1','57','+1:11.457','5803796',35,10,'01:39.6',195.912,1),(237,29,2,2,'3','8','9','9','9','0','57','+1:22.177','5814516',57,7,'01:39.5',196.013,1),(238,29,7,5,'14','10','10','10','10','0','57','+1:29.794','5822133',35,11,'01:39.6',195.790,1),(239,29,12,4,'6','15','11','11','11','0','57','+1:32.717','5825056',29,9,'01:39.5',195.977,1),(240,29,17,9,'10','14','12','12','12','0','56','','',27,14,'01:40.3',194.570,11),(241,29,18,11,'16','16','13','13','13','0','56','','',21,18,'01:40.8',193.606,11),(242,29,21,10,'21','18','14','14','14','0','56','','',54,15,'01:40.4',194.397,11),(243,29,6,3,'8','11','15','15','15','0','56','','',56,13,'01:39.8',195.469,11),(244,29,22,11,'17','19','16','16','16','0','56','','',56,16,'01:40.6',193.933,11),(245,29,14,9,'9','17','17','17','17','0','56','','',13,19,'01:41.0',193.194,11),(246,29,8,6,'1','4','','R','18','0','45','','',34,5,'01:39.4',196.214,5),(247,29,16,10,'20','20','','R','19','0','41','','',28,17,'01:40.7',193.802,3),(249,30,13,6,'2','2','1','1','1','10','44','22:59.4','4979394',26,3,'01:48.2',232.987,1),(250,30,2,2,'3','5','2','2','2','8','44','9.383','4988777',36,7,'01:49.1',231.182,1),(251,30,1,1,'22','1','3','3','3','6','44','10.539','4989933',20,2,'01:48.1',233.175,1),(252,30,4,4,'5','6','4','4','4','5','44','14.478','4993872',25,9,'01:49.2',230.820,1),(253,30,20,5,'15','10','5','5','5','4','44','14.576','4993970',16,8,'01:49.1',231.142,1),(254,30,9,2,'4','8','6','6','6','3','44','15.037','4994431',36,5,'01:49.0',231.399,1),(255,30,7,5,'14','9','7','7','7','2','44','16.735','4996129',31,6,'01:49.0',231.320,1),(256,30,17,9,'10','7','8','8','8','1','44','42.776','5022170',34,10,'01:49.5',230.236,1),(257,30,10,7,'12','13','9','9','9','0','44','+1:07.045','5046439',37,12,'01:50.3',228.691,1),(258,30,5,1,'23','3','10','10','10','0','43','','',35,4,'01:48.2',232.985,6),(259,30,14,9,'9','14','11','11','11','0','43','','',19,11,'01:50.2',228.853,11),(260,30,3,3,'7','15','12','12','12','0','43','','',32,15,'01:50.7',227.862,11),(261,30,16,10,'20','18','13','13','13','0','43','','',27,13,'01:50.5',228.211,11),(262,30,6,3,'8','19','14','14','14','0','43','','',35,17,'01:51.0',227.218,11),(263,30,18,11,'16','17','15','15','15','0','43','','',19,16,'01:50.7',227.832,11),(264,30,15,7,'11','11','16','16','16','0','43','','',32,14,'01:50.5',228.095,11),(265,30,21,10,'21','20','17','17','17','0','43','','',17,19,'01:51.7',225.731,11),(266,30,8,6,'1','4','18','18','18','0','42','','',24,1,'01:47.9',233.618,20),(267,30,22,11,'17','16','','R','19','0','19','','',10,20,'01:52.1',224.983,6),(268,30,12,4,'6','12','','R','20','0','13','','',12,18,'01:51.1',226.915,20),(269,31,20,5,'15','1','1','1','1','10','53','26:47.5','5207494',53,14,'01:30.5',230.414,1),(270,31,5,1,'23','2','2','2','2','8','53','12.512','5220006',53,13,'01:30.3',230.950,1),(271,31,9,2,'4','11','3','3','3','6','53','20.471','5227965',52,12,'01:30.3',230.955,1),(272,31,4,4,'5','8','4','4','4','5','53','23.903','5231397',51,9,'01:30.0',231.820,1),(273,31,2,2,'3','10','5','5','5','4','53','27.748','5235242',53,6,'01:29.8',232.217,1),(274,31,13,6,'2','6','6','6','6','3','53','28.816','5236310',52,4,'01:29.7',232.505,1),(275,31,1,1,'22','15','7','7','7','2','53','29.912','5237406',52,5,'01:29.7',232.440,1),(276,31,17,9,'10','3','8','8','8','1','53','32.048','5239542',52,3,'01:29.7',232.544,1),(277,31,8,6,'1','14','9','9','9','0','53','39.468','5246962',53,1,'01:28.0',236.859,1),(278,31,12,4,'6','17','10','10','10','0','53','54.445','5261939',53,16,'01:30.9',229.380,1),(279,31,10,7,'12','9','11','11','11','0','53','58.888','5266382',53,8,'01:29.9',231.853,1),(280,31,6,3,'8','18','12','12','12','0','53','+1:02.015','5269509',53,11,'01:30.2',231.167,1),(281,31,15,7,'11','7','13','13','13','0','53','+1:05.954','5273448',52,15,'01:30.9',229.544,1),(282,31,3,3,'7','5','14','14','14','0','53','+1:08.635','5276129',53,10,'01:30.0',231.671,1),(283,31,18,11,'16','19','15','15','15','0','53','+1:13.370','5280864',52,7,'01:29.8',232.166,1),(284,31,14,9,'9','13','16','16','16','0','52','','',49,17,'01:32.5',225.557,11),(285,31,22,11,'17','16','17','17','17','0','52','','',42,19,'01:33.9',222.053,11),(286,31,7,5,'14','4','18','18','18','0','52','','',52,2,'01:29.3',233.646,11),(287,31,16,10,'20','20','19','19','19','0','51','','',51,18,'01:33.5',223.146,12),(288,31,21,10,'21','12','','R','20','0','11','','',6,20,'01:37.3',214.326,3),(289,32,4,4,'5','15','1','1','1','10','61','57:16.3','7036304',55,3,'01:45.8',172.464,1),(290,32,3,3,'7','8','2','2','2','8','61','2.957','7039261',39,5,'01:46.5',171.352,1),(291,32,1,1,'22','2','3','3','3','6','61','5.917','7042221',14,4,'01:46.1',171.969,1),(292,32,10,7,'12','7','4','4','4','5','61','8.155','7044459',50,8,'01:47.0',170.408,1),(293,32,20,5,'15','6','5','5','5','4','61','10.268','7046572',13,9,'01:47.3',170.047,1),(294,32,2,2,'3','9','6','6','6','3','61','11.101','7047405',14,11,'01:47.3',169.992,1),(295,32,14,9,'9','14','7','7','7','2','61','16.387','7052691',41,13,'01:47.6',169.587,1),(296,32,6,3,'8','10','8','8','8','1','61','18.489','7054793',13,10,'01:47.3',170.022,1),(297,32,18,11,'16','12','9','9','9','0','61','19.885','7056189',61,15,'01:48.1',168.700,1),(298,32,5,1,'23','5','10','10','10','0','61','26.902','7063206',14,12,'01:47.3',169.943,1),(299,32,9,2,'4','4','11','11','11','0','61','27.975','7064279',14,6,'01:46.9',170.639,1),(300,32,7,5,'14','17','12','12','12','0','61','29.432','7065736',29,14,'01:47.8',169.181,1),(301,32,13,6,'2','1','13','13','13','0','61','35.17','7071474',13,2,'01:45.8',172.482,1),(302,32,21,10,'21','20','14','14','14','0','61','43.571','7079875',28,16,'01:49.1',167.195,1),(303,32,8,6,'1','3','15','15','15','0','57','','',14,1,'01:45.6',172.740,3),(304,32,15,7,'11','11','','R','16','0','50','','',32,7,'01:47.0',170.523,9),(305,32,16,10,'20','19','','R','17','0','49','','',38,18,'01:49.3',166.936,3),(306,32,17,9,'10','13','','R','18','0','29','','',13,17,'01:49.2',167.069,7),(307,32,22,11,'17','18','','R','19','0','14','','',13,19,'01:50.3',165.348,26),(308,32,12,4,'6','16','','R','20','0','13','','',13,20,'01:50.4',165.154,3),(309,33,4,4,'5','4','1','1','1','10','67','30:21.9','5421892',41,3,'01:19.1',207.668,1),(310,33,9,2,'4','6','2','2','2','8','67','5.283','5427175',16,7,'01:19.3',207.168,1),(311,33,8,6,'1','2','3','3','3','6','67','6.4','5428292',66,2,'01:19.0',207.947,1),(312,33,12,4,'6','12','4','4','4','5','67','20.57','5442462',54,4,'01:19.2',207.411,1),(313,33,15,7,'11','7','5','5','5','4','67','23.767','5445659',18,9,'01:19.5',206.564,1),(314,33,20,5,'15','9','6','6','6','3','67','39.207','5461099',21,12,'01:19.6',206.322,1),(315,33,13,6,'2','5','7','7','7','2','67','46.158','5468050',55,1,'01:18.4',209.456,1),(316,33,17,9,'10','13','8','8','8','1','67','50.811','5472703',30,13,'01:19.8',205.798,1),(317,33,2,2,'3','16','9','9','9','0','67','54.12','5476012',67,8,'01:19.5',206.727,1),(318,33,7,5,'14','10','10','10','10','0','67','59.085','5480977',49,6,'01:19.3',207.246,1),(319,33,3,3,'7','15','11','11','11','0','67','+1:02.096','5483988',66,10,'01:19.5',206.545,1),(320,33,1,1,'22','1','12','12','12','0','67','+1:18.900','5500792',65,11,'01:19.6',206.470,1),(321,33,22,11,'17','17','13','13','13','0','66','','',66,16,'01:20.6',203.869,11),(322,33,18,11,'16','18','14','14','14','0','66','','',66,17,'01:20.8',203.178,11),(323,33,6,3,'8','14','15','15','15','0','66','','',32,15,'01:20.4',204.404,11),(324,33,21,10,'21','20','','R','16','0','21','','',20,19,'01:21.6',201.365,6),(325,33,5,1,'23','3','','R','17','0','16','','',12,5,'01:19.3',207.257,5),(326,33,16,10,'20','19','','R','18','0','8','','',6,18,'01:21.2',202.327,27),(327,33,10,7,'12','8','','R','19','0','6','','',4,14,'01:20.3',204.685,28),(329,34,1,1,'22','1','1','1','1','10','56','31:57.4','5517403',13,1,'01:36.3',203.722,1),(330,34,13,6,'2','3','2','2','2','8','56','14.925','5532328',36,4,'01:36.6',203.161,1),(331,34,8,6,'1','2','3','3','3','6','56','16.445','5533848',14,2,'01:36.5',203.389,1),(332,34,4,4,'5','4','4','4','4','5','56','18.37','5535773',56,5,'01:36.7',203.018,1),(333,34,2,2,'3','9','5','5','5','4','56','28.923','5546326',56,3,'01:36.5',203.357,1),(334,34,9,2,'4','11','6','6','6','3','56','33.219','5550622',56,7,'01:36.9',202.610,1),(335,34,10,7,'12','12','7','7','7','2','56','41.722','5559125',56,6,'01:36.7',202.876,1),(336,34,12,4,'6','10','8','8','8','1','56','56.645','5574048',56,8,'01:37.0',202.313,1),(337,34,20,5,'15','6','9','9','9','0','56','+1:04.339','5581742',55,9,'01:37.2',201.863,1),(338,34,14,9,'9','15','10','10','10','0','56','+1:14.842','5592245',27,14,'01:37.8',200.746,1),(339,34,22,11,'17','13','11','11','11','0','56','+1:25.061','5602464',56,16,'01:37.8',200.558,1),(340,34,6,3,'8','17','12','12','12','0','56','+1:30.847','5608250',54,17,'01:38.0',200.202,1),(341,34,7,5,'14','8','13','13','13','0','56','+1:31.457','5608860',36,12,'01:37.5',201.366,1),(342,34,17,9,'10','16','14','14','14','0','56','+1:32.422','5609825',10,13,'01:37.7',200.896,1),(343,34,3,3,'7','14','15','15','15','0','55','','',38,10,'01:37.2',201.793,11),(344,34,18,11,'16','18','16','16','16','0','55','','',54,15,'01:37.8',200.705,11),(345,34,21,10,'21','20','17','17','17','0','55','','',54,18,'01:38.4',199.483,11),(346,34,5,1,'23','5','','R','18','0','49','','',32,11,'01:37.3',201.677,9),(347,34,16,10,'20','19','','R','19','0','13','','',13,19,'01:39.7',196.860,5),(348,34,15,7,'11','7','','R','20','0','2','','',2,20,'02:39.6',122.945,4),(349,35,13,6,'2','1','1','1','1','10','71','34:11.4','5651435',36,1,'01:13.7',210.377,1),(350,35,4,4,'5','6','2','2','2','8','71','13.298','5664733',39,8,'01:14.2',208.980,1),(351,35,8,6,'1','3','3','3','3','6','71','16.235','5667670',59,3,'01:14.1',209.296,1),(352,35,20,5,'15','7','4','4','4','5','71','38.011','5689446',25,7,'01:14.2',209.022,1),(353,35,1,1,'22','4','5','5','5','4','71','38.907','5690342',31,4,'01:14.2',209.177,1),(354,35,10,7,'12','10','6','6','6','3','71','44.368','5695803',32,2,'01:14.1',209.465,1),(355,35,5,1,'23','5','7','7','7','2','71','55.074','5706509',36,6,'01:14.2',209.042,1),(356,35,15,7,'11','2','8','8','8','1','71','+1:08.433','5719868',40,5,'01:14.2',209.155,1),(357,35,17,9,'10','12','9','9','9','0','71','+1:19.666','5731101',40,14,'01:15.0',206.741,1),(358,35,2,2,'3','8','10','10','10','0','70','','',41,10,'01:14.7',207.796,11),(359,35,9,2,'4','13','11','11','11','0','70','','',61,9,'01:14.4',208.570,11),(360,35,3,3,'7','18','12','12','12','0','70','','',35,12,'01:14.9',207.014,11),(361,35,18,11,'16','17','13','13','13','0','70','','',59,11,'01:14.8',207.498,11),(362,35,7,5,'14','9','14','14','14','0','70','','',57,13,'01:15.0',206.967,11),(363,35,22,11,'17','15','15','15','15','0','70','','',35,16,'01:15.4',205.696,11),(364,35,16,10,'20','20','16','16','16','0','69','','',60,17,'01:15.8',204.721,12),(365,35,6,3,'8','16','17','17','17','0','69','','',50,18,'01:15.9',204.473,12),(366,35,21,10,'21','19','18','18','18','0','69','','',36,15,'01:15.2',206.249,12),(369,36,8,6,'6','1','1','1','1','10','58','25:28.8','5128770',41,1,'01:25.2',223.978,1),(370,36,4,1,'1','2','2','2','2','8','58','7.242','5136012',20,2,'01:26.3',221.178,1),(371,36,1,1,'2','4','3','3','3','6','58','18.595','5147365',20,3,'01:26.4',221.083,1),(372,36,2,2,'9','3','4','4','4','5','58','38.763','5167533',37,6,'01:26.7',220.137,1),(373,36,21,4,'3','6','5','5','5','4','58','+1:06.469','5195239',18,7,'01:26.9',219.707,1),(374,36,13,6,'5','22','6','6','6','3','58','+1:06.805','5195575',28,8,'01:27.0',219.323,1),(375,36,3,3,'16','12','7','7','7','2','57','','',40,5,'01:26.7',220.140,11),(376,36,23,7,'11','9','8','8','8','1','57','','',42,12,'01:27.8',217.444,11),(377,36,15,7,'12','8','9','9','9','0','57','','',45,13,'01:28.0',216.857,11),(378,36,5,4,'4','13','10','10','10','0','57','','',44,10,'01:27.6',217.951,11),(379,36,22,11,'8','16','11','11','11','0','57','','',17,14,'01:28.1',216.699,11),(380,36,11,8,'22','10','12','12','12','0','57','','',20,18,'01:28.5',215.746,11),(381,36,17,9,'15','7','13','13','13','0','57','','',21,9,'01:27.5',218.178,11),(382,36,24,5,'18','19','14','14','14','0','57','','',44,15,'01:28.3',216.247,11),(383,36,18,11,'7','14','15','15','15','0','57','','',42,17,'01:28.4',215.991,11),(384,36,19,8,'23','11','16','16','16','0','56','','',41,19,'01:28.5',215.742,12),(385,36,16,12,'20','20','17','17','17','0','56','','',40,20,'01:28.7',215.260,12),(386,36,25,3,'17','15','','R','18','0','48','','',24,16,'01:28.3',216.196,4),(387,36,14,9,'14','18','','R','19','0','48','','',44,11,'01:27.7',217.668,4),(388,36,9,2,'10','5','','R','20','0','36','','',19,4,'01:26.6',220.341,6),(389,36,26,5,'19','17','','R','21','0','28','','',22,21,'01:29.0',214.616,29),(390,36,27,12,'21','21','','R','22','0','10','','',9,22,'01:30.9',210.022,3),(391,37,4,1,'1','2','1','1','1','10','56','32:14.9','5534930',42,2,'01:36.9',206.014,1),(392,37,1,1,'2','4','2','2','2','8','56','17.557','5552487',22,1,'01:36.7',206.355,1),(393,37,8,6,'6','3','3','3','3','6','56','18.339','5553269',40,4,'01:37.2',205.237,1),(394,37,2,2,'9','5','4','4','4','5','56','33.777','5568707',55,5,'01:37.4',204.838,1),(395,37,13,6,'5','1','5','5','5','4','56','36.705','5571635',42,3,'01:37.2',205.298,1),(396,37,21,4,'3','12','6','6','6','3','56','+1:05.638','5600568',44,9,'01:37.9',203.872,1),(397,37,15,7,'12','8','7','7','7','2','56','+1:10.132','5605062',40,10,'01:38.0',203.587,1),(398,37,5,4,'4','11','8','8','8','1','56','+1:12.015','5606945',41,7,'01:37.8',204.015,1),(399,37,25,3,'17','19','9','9','9','0','56','+1:29.924','5624854',19,8,'01:37.9',203.903,1),(400,37,17,9,'15','10','10','10','10','0','56','+1:33.556','5628486',55,14,'01:38.5',202.504,1),(401,37,22,11,'8','22','11','11','11','0','55','','',32,15,'01:38.6',202.451,11),(402,37,18,11,'7','15','12','12','12','0','55','','',54,16,'01:38.7',202.262,11),(403,37,11,8,'22','14','13','13','13','0','55','','',37,13,'01:38.5',202.595,11),(404,37,26,5,'19','17','14','14','14','0','55','','',54,18,'01:39.1',201.364,11),(405,37,23,7,'11','9','15','15','15','0','55','','',52,19,'01:39.2',201.070,11),(406,37,19,8,'23','18','16','16','16','0','55','','',32,20,'01:39.6',200.417,11),(407,37,24,5,'18','16','17','17','17','0','55','','',21,12,'01:38.4',202.695,11),(408,37,9,2,'10','7','18','18','18','0','55','','',53,17,'01:38.9',201.820,11),(409,37,3,3,'16','6','','R','19','0','42','','',18,6,'01:37.7',204.237,9),(410,37,14,9,'14','13','','R','20','0','36','','',28,11,'01:38.1',203.416,23),(411,37,27,12,'21','20','','R','21','0','7','','',5,21,'01:41.5',196.608,5),(413,38,13,6,'5','1','1','1','1','10','57','33:27.5','5607515',42,1,'01:34.1',207.120,1),(414,38,1,1,'2','2','2','2','2','8','57','2.36','5609875',18,2,'01:34.3',206.674,1),(415,38,8,6,'6','3','3','3','3','6','57','10.839','5618354',39,3,'01:34.4',206.483,1),(416,38,2,2,'9','5','4','4','4','5','57','13.831','5621346',38,5,'01:34.5',206.236,1),(417,38,4,1,'1','4','5','5','5','4','57','14.426','5621941',46,4,'01:34.4',206.346,1),(418,38,9,2,'10','6','6','6','6','3','57','45.529','5653044',46,6,'01:34.8',205.477,1),(419,38,15,7,'12','9','7','7','7','2','57','+1:21.371','5688886',40,7,'01:35.2',204.756,1),(420,38,21,4,'3','7','8','8','8','1','57','+1:21.701','5689216',51,8,'01:35.2',204.655,1),(421,38,5,4,'4','12','9','9','9','0','57','+1:29.411','5696926',27,10,'01:35.5',204.065,1),(422,38,3,3,'16','10','10','10','10','0','57','+1:29.916','5697431',51,11,'01:35.6',203.893,1),(423,38,25,3,'17','11','11','11','11','0','56','','',27,16,'01:36.0',202.966,11),(424,38,23,7,'11','14','12','12','12','0','56','','',37,15,'01:35.8',203.278,11),(425,38,22,11,'8','15','13','13','13','0','56','','',50,14,'01:35.8',203.284,11),(426,38,27,12,'21','22','14','14','14','0','55','','',40,20,'01:37.2',200.477,12),(427,38,16,12,'20','20','15','15','15','0','53','','',45,19,'01:36.8',201.330,14),(428,38,19,8,'23','13','16','16','16','0','51','','',27,17,'01:36.1',202.715,5),(429,38,17,9,'15','8','','R','17','0','41','','',37,12,'01:35.7',203.575,6),(430,38,14,9,'14','21','','R','18','0','36','','',34,9,'01:35.4',204.260,30),(431,38,11,8,'22','17','','R','19','0','34','','',23,18,'01:36.4',202.193,5),(432,38,24,5,'18','18','','R','20','0','26','','',23,13,'01:35.7',203.537,9),(435,39,13,6,'5','1','1','1','1','10','65','31:36.2','5496230',14,1,'01:22.7',202.685,1),(436,39,1,1,'2','4','2','2','2','8','65','6.79','5503020',20,2,'01:22.9',202.205,1),(437,39,4,1,'1','2','3','3','3','6','65','17.456','5513686',17,3,'01:23.0',201.986,1),(438,39,9,2,'10','5','4','4','4','5','65','31.615','5527845',20,5,'01:23.1',201.590,1),(439,39,14,9,'14','9','5','5','5','4','65','58.331','5554561',18,8,'01:23.5',200.636,1),(440,39,3,3,'16','11','6','6','6','3','65','59.538','5555768',60,10,'01:23.7',200.231,1),(441,39,5,4,'4','8','7','7','7','2','65','+1:02.128','5558358',32,4,'01:23.0',201.952,1),(442,39,11,8,'22','13','8','8','8','1','64','','',23,12,'01:24.1',199.239,11),(443,39,21,4,'3','10','9','9','9','0','64','','',57,9,'01:23.6',200.550,11),(444,39,22,11,'8','12','10','10','10','0','64','','',16,14,'01:24.3',198.820,11),(445,39,19,8,'23','15','11','11','11','0','64','','',59,15,'01:24.3',198.811,11),(446,39,18,11,'7','14','12','12','12','0','64','','',64,13,'01:24.2',199.059,11),(447,39,16,12,'20','20','13','13','13','0','63','','',57,16,'01:25.2',196.710,12),(448,39,27,12,'21','21','14','14','14','0','63','','',61,18,'01:25.3',196.551,12),(449,39,2,2,'9','7','','R','15','0','46','','',22,7,'01:23.5',200.735,6),(450,39,23,7,'11','17','','R','16','0','44','','',37,11,'01:24.0',199.492,22),(451,39,24,5,'18','16','','R','17','0','19','','',18,17,'01:25.2',196.673,31),(452,39,26,5,'19','22','','R','18','0','9','','',6,20,'01:26.2',194.322,27),(453,39,8,6,'6','3','','R','19','0','9','','',7,6,'01:23.5',200.754,22),(454,39,15,7,'12','6','','R','20','0','8','','',6,19,'01:26.1',194.647,32),(455,39,17,9,'15','19','','R','21','0','7','','',4,21,'01:26.3',194.131,9),(457,40,4,1,'1','1','1','1','1','10','78','40:29.3','6029329',44,1,'01:15.3',159.715,1),(458,40,1,1,'2','2','2','2','2','8','78','4.095','6033424',28,2,'01:15.4',159.528,1),(459,40,13,6,'5','3','3','3','3','6','78','+1:09.114','6098443',47,4,'01:16.2',157.830,1),(460,40,21,4,'3','4','4','4','4','5','77','','',54,5,'01:16.3',157.683,11),(461,40,9,2,'10','8','5','5','5','4','77','','',39,3,'01:16.0',158.198,11),(462,40,2,2,'9','7','6','6','6','3','77','','',30,12,'01:17.0',156.072,11),(463,40,25,3,'17','11','7','7','7','2','77','','',40,7,'01:16.7',156.852,11),(464,40,8,6,'6','16','8','8','8','1','77','','',62,6,'01:16.6',156.987,11),(465,40,26,5,'19','18','9','9','9','0','77','','',73,10,'01:16.9',156.426,11),(466,40,22,11,'8','9','10','10','10','0','77','','',69,13,'01:17.1',155.993,11),(467,40,18,11,'7','10','11','11','11','0','77','','',40,9,'01:16.8',156.558,11),(468,40,3,3,'16','5','12','12','12','0','77','','',70,11,'01:17.0',156.174,11),(469,40,5,4,'4','15','13','13','13','0','76','','',72,14,'01:17.1',155.953,5),(470,40,14,9,'14','13','14','14','14','0','76','','',75,8,'01:16.8',156.591,12),(471,40,15,7,'12','14','15','15','15','0','76','','',53,18,'01:17.5',155.158,12),(472,40,23,7,'11','20','16','16','16','0','76','','',47,17,'01:17.2',155.688,12),(473,40,11,8,'22','21','17','17','17','0','76','','',74,15,'01:17.2',155.785,12),(474,40,19,8,'23','17','18','18','18','0','76','','',63,16,'01:17.2',155.704,12),(475,40,27,12,'21','22','19','19','19','0','70','','',70,20,'01:17.7',154.770,30),(476,40,16,12,'20','19','','R','20','0','53','','',34,19,'01:17.7',154.792,3),(477,40,17,9,'15','6','','R','21','0','17','','',17,21,'01:19.0',152.206,6),(479,41,1,1,'2','1','1','1','1','10','70','44:11.3','6251292',37,2,'01:16.5',205.239,1),(480,41,2,2,'9','3','2','2','2','8','70','4.343','6255635',19,3,'01:16.7',204.699,1),(481,41,25,3,'17','19','3','3','3','6','70','5.325','6256617',67,11,'01:17.9',201.413,1),(482,41,5,4,'4','22','4','4','4','5','70','6.729','6258021',67,13,'01:18.4',200.331,1),(483,41,8,6,'6','4','5','5','5','4','70','13.007','6264299',21,5,'01:16.9',204.259,1),(484,41,11,8,'22','11','6','6','6','3','70','16.698','6267990',47,12,'01:18.0',201.186,1),(485,41,4,1,'1','2','7','7','7','2','70','21.936','6273228',46,1,'01:16.4',205.580,1),(486,41,23,7,'11','18','8','8','8','1','70','22.888','6274180',38,10,'01:17.9',201.509,1),(487,41,17,9,'15','6','9','9','9','0','70','22.96','6274252',47,9,'01:17.6',202.267,1),(488,41,3,3,'16','7','10','10','10','0','70','23.984','6275276',42,6,'01:17.2',203.478,1),(489,41,19,8,'23','17','11','11','11','0','70','24.318','6275610',36,15,'01:18.8',199.284,1),(490,41,22,11,'8','13','12','12','12','0','70','30.439','6281731',62,14,'01:18.5',199.885,1),(491,41,15,7,'12','10','','R','13','0','58','','',12,17,'01:19.1',198.497,3),(492,41,24,5,'18','12','','R','14','0','54','','',9,19,'01:19.4',197.790,3),(493,41,27,12,'21','21','','R','15','0','47','','',21,18,'01:19.3',198.092,33),(494,41,14,9,'14','14','','R','16','0','36','','',19,16,'01:19.0',198.776,6),(495,41,9,2,'10','8','','R','17','0','26','','',19,8,'01:17.5',202.499,3),(496,41,16,12,'20','20','','R','18','0','21','','',20,20,'01:19.5',197.598,3),(497,41,26,5,'19','16','','R','19','0','8','','',6,21,'01:20.1',196.019,3),(499,41,13,6,'5','5','','D','21','0','51','','',22,4,'01:16.8',204.291,2),(500,41,21,4,'3','9','','D','22','0','51','','',22,7,'01:17.4',202.808,2);
/*!40000 ALTER TABLE `results` ENABLE KEYS */;
UNLOCK TABLES;
SET @@SESSION.SQL_LOG_BIN = @MYSQLDUMP_TEMP_LOG_BIN;
/*!40103 SET TIME_ZONE=@OLD_TIME_ZONE */;

/*!40101 SET SQL_MODE=@OLD_SQL_MODE */;
/*!40014 SET FOREIGN_KEY_CHECKS=@OLD_FOREIGN_KEY_CHECKS */;
/*!40014 SET UNIQUE_CHECKS=@OLD_UNIQUE_CHECKS */;
/*!40101 SET CHARACTER_SET_CLIENT=@OLD_CHARACTER_SET_CLIENT */;
/*!40101 SET CHARACTER_SET_RESULTS=@OLD_CHARACTER_SET_RESULTS */;
/*!40101 SET COLLATION_CONNECTION=@OLD_COLLATION_CONNECTION */;
/*!40111 SET SQL_NOTES=@OLD_SQL_NOTES */;

-- Dump completed on 2025-12-04 22:02:56
